value,country_id,city_id,datetime_id,indicator_id,log_id
84.8,140,24729,7860,1,1
83.1,131,111756,7860,1,2
80.6,102,101459,7860,1,3
80.4,102,122020,7860,1,4
80.3,132,127812,7860,1,5
80.2,117,94912,7860,1,6
80.1,132,70840,7860,1,7
80.0,49,49074,7860,1,8
79.8,93,46075,7860,1,9
79.6,70,123380,7860,1,10
79.0,7,129450,7860,1,11
78.9,149,43697,7860,1,12
78.7,30,74642,7860,1,13
78.6,102,3972,7860,1,14
78.3,102,35599,7860,1,15
78.2,83,70008,7860,1,16
78.1,54,79867,7860,1,17
78.1,108,87967,7860,1,18
77.9,42,29578,7860,1,19
77.6,149,35369,7860,1,20
77.5,50,90132,7860,1,21
76.9,132,9692,7860,1,22
76.7,140,9308,7860,1,23
76.6,54,40614,7860,1,24
76.5,82,130719,7860,1,25
76.4,24,35389,7860,1,26
76.3,40,28034,7860,1,27
76.2,54,117551,7860,1,28
76.2,24,47848,7860,1,29
75.7,144,18272,7860,1,30
75.4,149,72028,7860,1,31
75.3,54,47820,7860,1,32
74.9,46,119935,7860,1,33
74.9,82,57413,7860,1,34
74.5,24,123848,7860,1,35
74.4,140,90612,7860,1,36
73.8,67,121171,7860,1,37
73.8,120,83747,7860,1,38
73.7,35,116105,7860,1,39
73.5,150,70789,7860,1,40
73.4,117,67637,7860,1,41
73.3,118,32831,7860,1,42
72.9,150,50504,7860,1,43
72.3,24,19752,7860,1,44
72.3,144,4620,7860,1,45
72.3,149,11362,7860,1,46
72.2,6,16696,7860,1,47
72.1,149,13529,7860,1,48
72.1,6,118610,7860,1,49
72.0,136,66502,7860,1,50
72.0,24,128215,7860,1,51
71.4,132,80361,7860,1,52
71.4,150,15502,7860,1,53
71.2,68,76144,7860,1,54
71.2,133,27204,7860,1,55
70.6,6,718,7860,1,56
70.4,150,76527,7860,1,57
70.2,150,92075,7860,1,58
70.0,149,68521,7860,1,59
69.9,150,27462,7860,1,60
69.9,144,53452,7860,1,61
69.7,62,24405,7860,1,62
69.7,150,31655,7860,1,63
69.4,150,94895,7860,1,64
69.3,62,26921,7860,1,65
69.3,6,74897,7860,1,66
69.2,150,24069,7860,1,67
69.2,148,33918,7860,1,68
69.2,144,4448,7860,1,69
69.2,29,11217,7860,1,70
69.0,148,359,7860,1,71
69.0,93,78185,7860,1,72
68.9,24,97907,7860,1,73
68.8,130,20840,7860,1,74
68.8,136,139004,7860,1,75
68.7,24,134682,7860,1,76
68.5,151,78233,7860,1,77
68.4,4,17655,7860,1,78
68.4,150,104647,7860,1,79
68.3,6,20487,7860,1,80
68.2,103,6887,7860,1,81
68.1,150,50855,7860,1,82
68.0,61,99539,7860,1,83
68.0,87,61403,7860,1,84
67.8,6,91554,7860,1,85
67.8,150,120125,7860,1,86
67.7,24,76812,7860,1,87
67.6,150,105080,7860,1,88
67.6,150,102738,7860,1,89
67.5,54,12326,7860,1,90
67.5,150,111153,7860,1,91
67.4,150,7049,7860,1,92
67.4,120,78955,7860,1,93
67.3,24,88237,7860,1,94
67.3,135,47194,7860,1,95
67.3,24,68522,7860,1,96
67.0,128,67947,7860,1,97
67.0,72,6465,7860,1,98
66.9,150,105492,7860,1,99
66.6,130,95658,7860,1,100
66.6,68,125610,7860,1,101
66.6,135,117090,7860,1,102
66.5,150,92114,7860,1,103
66.5,150,98298,7860,1,104
66.4,18,29803,7860,1,105
66.4,24,129363,7860,1,106
66.4,150,6675,7860,1,107
66.2,62,1282,7860,1,108
66.2,24,47714,7860,1,109
66.1,150,30492,7860,1,110
66.0,150,132689,7860,1,111
65.9,93,75607,7860,1,112
65.7,119,26615,7860,1,113
65.5,62,51700,7860,1,114
65.5,62,31481,7860,1,115
65.3,62,79809,7860,1,116
65.2,28,109391,7860,1,117
65.1,71,3888,7860,1,118
65.1,30,14529,7860,1,119
64.9,110,53345,7860,1,120
64.8,18,11650,7860,1,121
64.7,35,137557,7860,1,122
64.6,79,11240,7860,1,123
64.4,29,112351,7860,1,124
64.4,18,94916,7860,1,125
64.3,18,98926,7860,1,126
64.2,122,100354,7860,1,127
64.2,62,96636,7860,1,128
63.9,24,110124,7860,1,129
63.9,150,24767,7860,1,130
63.8,20,128340,7860,1,131
63.8,68,100971,7860,1,132
63.5,150,105686,7860,1,133
63.2,115,72229,7860,1,134
63.0,103,133239,7860,1,135
62.9,62,72138,7860,1,136
62.8,62,122118,7860,1,137
62.8,150,75733,7860,1,138
62.7,150,82852,7860,1,139
62.5,24,78445,7860,1,140
62.3,110,64007,7860,1,141
62.1,73,81122,7860,1,142
62.1,62,46791,7860,1,143
61.5,16,109856,7860,1,144
61.3,150,125296,7860,1,145
61.1,155,50016,7860,1,146
61.1,150,68922,7860,1,147
61.0,120,103089,7860,1,148
61.0,147,70062,7860,1,149
60.7,150,87627,7860,1,150
60.5,78,99929,7860,1,151
60.5,130,55193,7860,1,152
60.4,122,54552,7860,1,153
59.9,18,118963,7860,1,154
59.8,62,59846,7860,1,155
59.0,130,34328,7860,1,156
58.8,111,89608,7860,1,157
58.3,20,114807,7860,1,158
58.1,114,67196,7860,1,159
57.9,147,61959,7860,1,160
57.8,75,61858,7860,1,161
57.7,155,48041,7860,1,162
57.5,143,125499,7860,1,163
57.3,5,136771,7860,1,164
57.0,56,6615,7860,1,165
56.9,63,54095,7860,1,166
56.9,120,84925,7860,1,167
56.9,66,28221,7860,1,168
56.8,2,2779,7860,1,169
56.6,37,83275,7860,1,170
56.5,110,56877,7860,1,171
55.8,116,132643,7860,1,172
55.6,127,16186,7860,1,173
55.4,56,122077,7860,1,174
55.3,101,57315,7860,1,175
55.1,53,120953,7860,1,176
54.7,119,17374,7860,1,177
54.6,84,114372,7860,1,178
54.4,41,109611,7860,1,179
54.2,116,60875,7860,1,180
54.1,150,65232,7860,1,181
53.9,120,136655,7860,1,182
53.7,147,32649,7860,1,183
53.2,124,11386,7860,1,184
53.2,64,121105,7860,1,185
52.7,116,135295,7860,1,186
52.1,60,17478,7860,1,187
51.8,18,16178,7860,1,188
51.3,37,67212,7860,1,189
51.2,66,33934,7860,1,190
51.0,147,86342,7860,1,191
49.3,124,84745,7860,1,192
49.2,147,58246,7860,1,193
48.9,12,76554,7860,1,194
48.8,116,42673,7860,1,195
48.7,72,3063,7860,1,196
48.5,116,95276,7860,1,197
47.8,1,122908,7860,1,198
47.7,8,8544,7860,1,199
47.5,106,63923,7860,1,200
45.9,43,19519,7860,1,201
45.5,18,100105,7860,1,202
45.0,97,21639,7860,1,203
40.2,11,31935,7860,1,204
38.1,154,21003,7860,1,205
2.0,140,24729,7860,2,206
3.0,131,111756,7860,2,207
4.0,102,101459,7860,2,208
5.0,102,122020,7860,2,209
6.0,132,127812,7860,2,210
7.0,117,94912,7860,2,211
8.0,132,70840,7860,2,212
9.0,49,49074,7860,2,213
10.0,93,46075,7860,2,214
11.0,70,123380,7860,2,215
12.0,7,129450,7860,2,216
13.0,149,43697,7860,2,217
14.0,30,74642,7860,2,218
15.0,102,3972,7860,2,219
16.0,102,35599,7860,2,220
17.0,83,70008,7860,2,221
18.0,54,79867,7860,2,222
19.0,108,87967,7860,2,223
20.0,42,29578,7860,2,224
21.0,149,35369,7860,2,225
22.0,50,90132,7860,2,226
23.0,132,9692,7860,2,227
24.0,140,9308,7860,2,228
25.0,54,40614,7860,2,229
26.0,82,130719,7860,2,230
27.0,24,35389,7860,2,231
28.0,40,28034,7860,2,232
30.0,54,117551,7860,2,233
31.0,24,47848,7860,2,234
32.0,144,18272,7860,2,235
33.0,149,72028,7860,2,236
34.0,54,47820,7860,2,237
35.0,46,119935,7860,2,238
36.0,82,57413,7860,2,239
38.0,24,123848,7860,2,240
39.0,140,90612,7860,2,241
40.0,67,121171,7860,2,242
41.0,120,83747,7860,2,243
42.0,35,116105,7860,2,244
44.0,150,70789,7860,2,245
45.0,117,67637,7860,2,246
46.0,118,32831,7860,2,247
48.0,150,50504,7860,2,248
49.0,24,19752,7860,2,249
50.0,144,4620,7860,2,250
51.0,149,11362,7860,2,251
52.0,6,16696,7860,2,252
53.0,149,13529,7860,2,253
54.0,6,118610,7860,2,254
55.0,136,66502,7860,2,255
56.0,24,128215,7860,2,256
57.0,132,80361,7860,2,257
59.0,150,15502,7860,2,258
61.0,68,76144,7860,2,259
62.0,133,27204,7860,2,260
63.0,6,718,7860,2,261
64.0,150,76527,7860,2,262
65.0,150,92075,7860,2,263
66.0,149,68521,7860,2,264
67.0,150,27462,7860,2,265
68.0,144,53452,7860,2,266
69.0,62,24405,7860,2,267
70.0,150,31655,7860,2,268
71.0,150,94895,7860,2,269
72.0,62,26921,7860,2,270
73.0,6,74897,7860,2,271
74.0,150,24069,7860,2,272
75.0,148,33918,7860,2,273
76.0,144,4448,7860,2,274
77.0,29,11217,7860,2,275
78.0,148,359,7860,2,276
79.0,93,78185,7860,2,277
80.0,24,97907,7860,2,278
81.0,130,20840,7860,2,279
82.0,136,139004,7860,2,280
83.0,24,134682,7860,2,281
84.0,151,78233,7860,2,282
85.0,4,17655,7860,2,283
86.0,150,104647,7860,2,284
87.0,6,20487,7860,2,285
88.0,103,6887,7860,2,286
89.0,150,50855,7860,2,287
90.0,61,99539,7860,2,288
91.0,87,61403,7860,2,289
92.0,6,91554,7860,2,290
93.0,150,120125,7860,2,291
94.0,24,76812,7860,2,292
95.0,150,105080,7860,2,293
96.0,150,102738,7860,2,294
97.0,54,12326,7860,2,295
98.0,150,111153,7860,2,296
99.0,150,7049,7860,2,297
100.0,120,78955,7860,2,298
101.0,24,88237,7860,2,299
102.0,135,47194,7860,2,300
103.0,24,68522,7860,2,301
104.0,128,67947,7860,2,302
105.0,72,6465,7860,2,303
106.0,150,105492,7860,2,304
107.0,130,95658,7860,2,305
108.0,68,125610,7860,2,306
109.0,135,117090,7860,2,307
110.0,150,92114,7860,2,308
111.0,150,98298,7860,2,309
112.0,18,29803,7860,2,310
113.0,24,129363,7860,2,311
114.0,150,6675,7860,2,312
115.0,62,1282,7860,2,313
116.0,24,47714,7860,2,314
117.0,150,30492,7860,2,315
118.0,150,132689,7860,2,316
120.0,93,75607,7860,2,317
121.0,119,26615,7860,2,318
122.0,62,51700,7860,2,319
123.0,62,31481,7860,2,320
124.0,62,79809,7860,2,321
126.0,28,109391,7860,2,322
127.0,71,3888,7860,2,323
128.0,30,14529,7860,2,324
129.0,110,53345,7860,2,325
130.0,18,11650,7860,2,326
131.0,35,137557,7860,2,327
132.0,79,11240,7860,2,328
133.0,29,112351,7860,2,329
134.0,18,94916,7860,2,330
135.0,18,98926,7860,2,331
136.0,122,100354,7860,2,332
137.0,62,96636,7860,2,333
138.0,24,110124,7860,2,334
139.0,150,24767,7860,2,335
140.0,20,128340,7860,2,336
141.0,68,100971,7860,2,337
143.0,150,105686,7860,2,338
145.0,115,72229,7860,2,339
146.0,103,133239,7860,2,340
147.0,62,72138,7860,2,341
148.0,62,122118,7860,2,342
149.0,150,75733,7860,2,343
150.0,150,82852,7860,2,344
151.0,24,78445,7860,2,345
152.0,110,64007,7860,2,346
153.0,73,81122,7860,2,347
154.0,62,46791,7860,2,348
156.0,16,109856,7860,2,349
157.0,150,125296,7860,2,350
158.0,155,50016,7860,2,351
159.0,150,68922,7860,2,352
161.0,120,103089,7860,2,353
162.0,147,70062,7860,2,354
163.0,150,87627,7860,2,355
164.0,78,99929,7860,2,356
165.0,130,55193,7860,2,357
166.0,122,54552,7860,2,358
167.0,18,118963,7860,2,359
168.0,62,59846,7860,2,360
169.0,130,34328,7860,2,361
170.0,111,89608,7860,2,362
171.0,20,114807,7860,2,363
172.0,114,67196,7860,2,364
173.0,147,61959,7860,2,365
174.0,75,61858,7860,2,366
175.0,155,48041,7860,2,367
176.0,143,125499,7860,2,368
177.0,5,136771,7860,2,369
178.0,56,6615,7860,2,370
179.0,63,54095,7860,2,371
180.0,120,84925,7860,2,372
181.0,66,28221,7860,2,373
182.0,2,2779,7860,2,374
183.0,37,83275,7860,2,375
184.0,110,56877,7860,2,376
185.0,116,132643,7860,2,377
186.0,127,16186,7860,2,378
187.0,56,122077,7860,2,379
188.0,101,57315,7860,2,380
189.0,53,120953,7860,2,381
190.0,119,17374,7860,2,382
191.0,84,114372,7860,2,383
192.0,41,109611,7860,2,384
193.0,116,60875,7860,2,385
194.0,150,65232,7860,2,386
195.0,120,136655,7860,2,387
196.0,147,32649,7860,2,388
197.0,124,11386,7860,2,389
198.0,64,121105,7860,2,390
199.0,116,135295,7860,2,391
200.0,60,17478,7860,2,392
201.0,18,16178,7860,2,393
202.0,37,67212,7860,2,394
203.0,66,33934,7860,2,395
204.0,147,86342,7860,2,396
205.0,124,84745,7860,2,397
206.0,147,58246,7860,2,398
207.0,12,76554,7860,2,399
208.0,116,42673,7860,2,400
209.0,72,3063,7860,2,401
210.0,116,95276,7860,2,402
211.0,1,122908,7860,2,403
212.0,8,8544,7860,2,404
213.0,106,63923,7860,2,405
214.0,43,19519,7860,2,406
215.0,18,100105,7860,2,407
216.0,97,21639,7860,2,408
217.0,11,31935,7860,2,409
218.0,154,21003,7860,2,410
95.7,101,57315,7860,3,411
94.2,11,31935,7860,3,412
93.9,79,11240,7860,3,413
92.5,155,50016,7860,3,414
91.5,62,83911,7860,3,415
91.5,55,471,7860,3,416
90.9,62,46791,7860,3,417
90.9,99,136337,7860,3,418
90.8,43,19519,7860,3,419
90.4,62,31481,7860,3,420
89.4,155,48041,7860,3,421
89.4,115,72229,7860,3,422
89.3,110,56877,7860,3,423
89.3,62,90575,7860,3,424
89.0,106,63923,7860,3,425
88.3,62,56725,7860,3,426
88.0,62,128275,7860,3,427
87.2,62,98240,7860,3,428
87.0,140,90612,7860,3,429
87.0,1,122908,7860,3,430
85.7,120,24344,7860,3,431
85.3,114,67196,7860,3,432
84.7,63,54095,7860,3,433
84.3,62,3966,7860,3,434
84.0,115,22826,7860,3,435
83.6,62,79809,7860,3,436
83.5,97,73309,7860,3,437
83.2,84,114372,7860,3,438
83.0,62,46956,7860,3,439
82.3,62,74750,7860,3,440
81.9,97,21639,7860,3,441
81.5,93,75607,7860,3,442
80.5,147,32649,7860,3,443
80.4,64,121105,7860,3,444
80.1,68,81469,7860,3,445
79.8,73,81122,7860,3,446
79.2,22,92104,7860,3,447
79.0,18,118963,7860,3,448
78.7,110,64007,7860,3,449
78.4,62,59846,7860,3,450
78.4,72,3063,7860,3,451
77.9,140,9308,7860,3,452
77.9,41,109611,7860,3,453
77.8,140,24729,7860,3,454
77.5,29,11217,7860,3,455
77.2,71,3888,7860,3,456
76.0,62,46878,7860,3,457
75.9,62,51700,7860,3,458
75.5,47,702,7860,3,459
75.2,119,17374,7860,3,460
74.4,62,24405,7860,3,461
74.4,8,8544,7860,3,462
73.9,154,21003,7860,3,463
73.5,43,2670,7860,3,464
72.9,115,8218,7860,3,465
72.7,62,1282,7860,3,466
72.7,116,60875,7860,3,467
71.6,50,73344,7860,3,468
71.6,53,120953,7860,3,469
71.5,62,96636,7860,3,470
71.5,29,112351,7860,3,471
71.2,93,78185,7860,3,472
70.8,28,109391,7860,3,473
70.3,30,14529,7860,3,474
69.9,29,46224,7860,3,475
68.9,68,125610,7860,3,476
68.8,120,136655,7860,3,477
68.6,20,114807,7860,3,478
68.3,124,11386,7860,3,479
68.2,144,53452,7860,3,480
67.9,63,9226,7860,3,481
67.8,68,76144,7860,3,482
67.3,18,100105,7860,3,483
67.2,150,68922,7860,3,484
66.7,122,54552,7860,3,485
66.3,62,130933,7860,3,486
66.3,116,95276,7860,3,487
65.8,116,135295,7860,3,488
65.5,56,122077,7860,3,489
65.3,87,61403,7860,3,490
65.1,42,97863,7860,3,491
65.0,144,4448,7860,3,492
64.9,50,90132,7860,3,493
64.6,16,109856,7860,3,494
64.5,147,61959,7860,3,495
64.4,62,127500,7860,3,496
63.7,122,100354,7860,3,497
63.3,30,74642,7860,3,498
63.3,132,9692,7860,3,499
63.1,62,26921,7860,3,500
62.6,147,86342,7860,3,501
62.5,116,132643,7860,3,502
61.9,150,104647,7860,3,503
61.5,130,55193,7860,3,504
61.4,120,103089,7860,3,505
61.4,111,89608,7860,3,506
61.2,62,81036,7860,3,507
61.1,62,54085,7860,3,508
60.7,5,136771,7860,3,509
60.4,133,27204,7860,3,510
60.2,62,52793,7860,3,511
59.9,118,32831,7860,3,512
59.7,20,128340,7860,3,513
59.3,24,47848,7860,3,514
59.2,62,81871,7860,3,515
59.1,93,46075,7860,3,516
58.3,150,82852,7860,3,517
58.1,131,111756,7860,3,518
58.0,62,12883,7860,3,519
57.9,149,68521,7860,3,520
57.4,93,96460,7860,3,521
57.4,29,112656,7860,3,522
57.1,150,92114,7860,3,523
56.9,147,58246,7860,3,524
56.8,150,50855,7860,3,525
56.7,56,6615,7860,3,526
56.5,62,122118,7860,3,527
55.9,62,118220,7860,3,528
55.9,18,94916,7860,3,529
55.6,115,31026,7860,3,530
55.6,68,100971,7860,3,531
54.9,120,78955,7860,3,532
54.9,130,95658,7860,3,533
54.9,116,42673,7860,3,534
54.8,72,6465,7860,3,535
53.7,149,72028,7860,3,536
53.6,150,105686,7860,3,537
53.3,60,17478,7860,3,538
53.1,130,34328,7860,3,539
52.2,124,84745,7860,3,540
52.0,18,11650,7860,3,541
52.0,150,65232,7860,3,542
52.0,150,24767,7860,3,543
51.9,4,17655,7860,3,544
51.6,50,70150,7860,3,545
50.5,29,97378,7860,3,546
50.0,62,72138,7860,3,547
49.5,148,359,7860,3,548
49.1,150,93175,7860,3,549
49.1,150,102738,7860,3,550
49.1,148,33918,7860,3,551
48.8,147,70062,7860,3,552
48.4,62,12887,7860,3,553
47.5,150,132689,7860,3,554
46.8,151,78233,7860,3,555
45.9,67,121171,7860,3,556
45.7,150,6675,7860,3,557
44.3,150,31655,7860,3,558
44.1,150,7049,7860,3,559
44.1,150,30492,7860,3,560
43.9,150,105080,7860,3,561
43.8,144,4620,7860,3,562
43.5,119,26615,7860,3,563
42.7,12,76554,7860,3,564
42.5,150,105492,7860,3,565
41.9,70,123380,7860,3,566
41.1,110,53345,7860,3,567
40.8,66,33934,7860,3,568
40.5,150,75733,7860,3,569
39.6,54,117551,7860,3,570
39.0,54,12326,7860,3,571
38.7,130,20840,7860,3,572
38.5,150,111153,7860,3,573
37.8,78,99929,7860,3,574
37.7,127,16186,7860,3,575
37.3,24,123848,7860,3,576
37.3,109,80101,7860,3,577
36.2,150,50504,7860,3,578
35.7,24,134682,7860,3,579
35.3,150,24069,7860,3,580
35.2,150,87627,7860,3,581
35.0,117,67637,7860,3,582
34.4,150,94895,7860,3,583
34.2,149,43697,7860,3,584
33.7,24,78445,7860,3,585
33.6,150,76363,7860,3,586
33.5,54,40614,7860,3,587
33.5,35,137557,7860,3,588
33.5,150,120125,7860,3,589
33.5,120,83747,7860,3,590
33.3,132,70840,7860,3,591
33.2,103,6887,7860,3,592
32.9,150,98298,7860,3,593
32.4,150,15502,7860,3,594
31.6,150,27462,7860,3,595
31.2,18,29803,7860,3,596
30.5,6,118610,7860,3,597
30.4,6,91554,7860,3,598
30.3,150,76527,7860,3,599
30.3,6,74897,7860,3,600
30.2,18,16178,7860,3,601
30.0,6,16696,7860,3,602
29.9,150,125296,7860,3,603
29.2,24,35389,7860,3,604
28.7,54,47820,7860,3,605
28.6,103,25410,7860,3,606
28.2,149,35369,7860,3,607
27.4,24,88237,7860,3,608
26.9,6,718,7860,3,609
26.5,6,20487,7860,3,610
26.3,103,133239,7860,3,611
26.2,24,19752,7860,3,612
26.1,24,76812,7860,3,613
26.1,24,128215,7860,3,614
25.9,24,47714,7860,3,615
25.2,35,116105,7860,3,616
25.1,102,127350,7860,3,617
25.0,136,66502,7860,3,618
24.7,102,101459,7860,3,619
24.6,54,79867,7860,3,620
24.6,82,130719,7860,3,621
24.6,102,3972,7860,3,622
24.5,6,44158,7860,3,623
24.4,132,127812,7860,3,624
23.7,117,94912,7860,3,625
23.6,136,139004,7860,3,626
22.7,128,67947,7860,3,627
22.3,40,28034,7860,3,628
21.4,108,87967,7860,3,629
21.3,24,129363,7860,3,630
19.7,135,47194,7860,3,631
19.6,83,70008,7860,3,632
18.7,46,119935,7860,3,633
18.5,135,117090,7860,3,634
17.8,102,122020,7860,3,635
16.8,7,129450,7860,3,636
15.5,61,99539,7860,3,637
12.4,49,49074,7860,3,638
1.0,101,57315,7860,4,639
3.0,11,31935,7860,4,640
4.0,79,11240,7860,4,641
5.0,155,50016,7860,4,642
7.0,62,83911,7860,4,643
8.0,55,471,7860,4,644
9.0,62,46791,7860,4,645
10.0,99,136337,7860,4,646
11.0,43,19519,7860,4,647
12.0,62,31481,7860,4,648
13.0,155,48041,7860,4,649
14.0,115,72229,7860,4,650
15.0,110,56877,7860,4,651
16.0,62,90575,7860,4,652
17.0,106,63923,7860,4,653
18.0,62,56725,7860,4,654
19.0,62,128275,7860,4,655
20.0,62,98240,7860,4,656
21.0,140,90612,7860,4,657
22.0,1,122908,7860,4,658
24.0,120,24344,7860,4,659
26.0,114,67196,7860,4,660
27.0,63,54095,7860,4,661
28.0,62,3966,7860,4,662
29.0,115,22826,7860,4,663
30.0,62,79809,7860,4,664
31.0,97,73309,7860,4,665
32.0,84,114372,7860,4,666
33.0,62,46956,7860,4,667
34.0,62,74750,7860,4,668
36.0,97,21639,7860,4,669
37.0,93,75607,7860,4,670
38.0,147,32649,7860,4,671
39.0,64,121105,7860,4,672
40.0,68,81469,7860,4,673
41.0,73,81122,7860,4,674
42.0,22,92104,7860,4,675
43.0,18,118963,7860,4,676
44.0,110,64007,7860,4,677
45.0,62,59846,7860,4,678
46.0,72,3063,7860,4,679
48.0,140,9308,7860,4,680
49.0,41,109611,7860,4,681
50.0,140,24729,7860,4,682
52.0,29,11217,7860,4,683
53.0,71,3888,7860,4,684
54.0,62,46878,7860,4,685
55.0,62,51700,7860,4,686
56.0,47,702,7860,4,687
57.0,119,17374,7860,4,688
58.0,62,24405,7860,4,689
59.0,8,8544,7860,4,690
60.0,154,21003,7860,4,691
61.0,43,2670,7860,4,692
62.0,115,8218,7860,4,693
63.0,62,1282,7860,4,694
64.0,116,60875,7860,4,695
66.0,50,73344,7860,4,696
67.0,53,120953,7860,4,697
68.0,62,96636,7860,4,698
69.0,29,112351,7860,4,699
70.0,93,78185,7860,4,700
71.0,28,109391,7860,4,701
72.0,30,14529,7860,4,702
73.0,29,46224,7860,4,703
75.0,68,125610,7860,4,704
76.0,120,136655,7860,4,705
77.0,20,114807,7860,4,706
78.0,124,11386,7860,4,707
79.0,144,53452,7860,4,708
80.0,63,9226,7860,4,709
81.0,68,76144,7860,4,710
82.0,18,100105,7860,4,711
83.0,150,68922,7860,4,712
85.0,122,54552,7860,4,713
86.0,62,130933,7860,4,714
87.0,116,95276,7860,4,715
88.0,116,135295,7860,4,716
89.0,56,122077,7860,4,717
90.0,87,61403,7860,4,718
91.0,42,97863,7860,4,719
92.0,144,4448,7860,4,720
93.0,50,90132,7860,4,721
94.0,16,109856,7860,4,722
95.0,147,61959,7860,4,723
96.0,62,127500,7860,4,724
97.0,122,100354,7860,4,725
98.0,30,74642,7860,4,726
99.0,132,9692,7860,4,727
100.0,62,26921,7860,4,728
101.0,147,86342,7860,4,729
102.0,116,132643,7860,4,730
103.0,150,104647,7860,4,731
105.0,130,55193,7860,4,732
106.0,120,103089,7860,4,733
107.0,111,89608,7860,4,734
108.0,62,81036,7860,4,735
109.0,62,54085,7860,4,736
110.0,5,136771,7860,4,737
111.0,133,27204,7860,4,738
113.0,62,52793,7860,4,739
114.0,118,32831,7860,4,740
115.0,20,128340,7860,4,741
116.0,24,47848,7860,4,742
117.0,62,81871,7860,4,743
118.0,93,46075,7860,4,744
121.0,150,82852,7860,4,745
122.0,131,111756,7860,4,746
123.0,62,12883,7860,4,747
124.0,149,68521,7860,4,748
125.0,93,96460,7860,4,749
126.0,29,112656,7860,4,750
127.0,150,92114,7860,4,751
128.0,147,58246,7860,4,752
129.0,150,50855,7860,4,753
130.0,56,6615,7860,4,754
131.0,62,122118,7860,4,755
133.0,62,118220,7860,4,756
134.0,18,94916,7860,4,757
135.0,115,31026,7860,4,758
136.0,68,100971,7860,4,759
137.0,120,78955,7860,4,760
138.0,130,95658,7860,4,761
139.0,116,42673,7860,4,762
140.0,72,6465,7860,4,763
142.0,149,72028,7860,4,764
143.0,150,105686,7860,4,765
144.0,60,17478,7860,4,766
145.0,130,34328,7860,4,767
146.0,124,84745,7860,4,768
147.0,18,11650,7860,4,769
148.0,150,65232,7860,4,770
149.0,150,24767,7860,4,771
150.0,4,17655,7860,4,772
151.0,50,70150,7860,4,773
153.0,29,97378,7860,4,774
154.0,62,72138,7860,4,775
155.0,148,359,7860,4,776
157.0,150,93175,7860,4,777
158.0,150,102738,7860,4,778
159.0,148,33918,7860,4,779
160.0,147,70062,7860,4,780
161.0,62,12887,7860,4,781
163.0,150,132689,7860,4,782
164.0,151,78233,7860,4,783
165.0,67,121171,7860,4,784
166.0,150,6675,7860,4,785
167.0,150,31655,7860,4,786
168.0,150,7049,7860,4,787
169.0,150,30492,7860,4,788
170.0,150,105080,7860,4,789
171.0,144,4620,7860,4,790
172.0,119,26615,7860,4,791
173.0,12,76554,7860,4,792
174.0,150,105492,7860,4,793
175.0,70,123380,7860,4,794
176.0,110,53345,7860,4,795
177.0,66,33934,7860,4,796
178.0,150,75733,7860,4,797
179.0,54,117551,7860,4,798
181.0,54,12326,7860,4,799
182.0,130,20840,7860,4,800
183.0,150,111153,7860,4,801
184.0,78,99929,7860,4,802
185.0,127,16186,7860,4,803
186.0,24,123848,7860,4,804
187.0,109,80101,7860,4,805
188.0,150,50504,7860,4,806
189.0,24,134682,7860,4,807
190.0,150,24069,7860,4,808
191.0,150,87627,7860,4,809
192.0,117,67637,7860,4,810
193.0,150,94895,7860,4,811
194.0,149,43697,7860,4,812
196.0,24,78445,7860,4,813
197.0,150,76363,7860,4,814
199.0,54,40614,7860,4,815
200.0,35,137557,7860,4,816
201.0,150,120125,7860,4,817
202.0,120,83747,7860,4,818
203.0,132,70840,7860,4,819
204.0,103,6887,7860,4,820
205.0,150,98298,7860,4,821
207.0,150,15502,7860,4,822
208.0,150,27462,7860,4,823
209.0,18,29803,7860,4,824
210.0,6,118610,7860,4,825
211.0,6,91554,7860,4,826
212.0,150,76527,7860,4,827
213.0,6,74897,7860,4,828
214.0,18,16178,7860,4,829
215.0,6,16696,7860,4,830
216.0,150,125296,7860,4,831
217.0,24,35389,7860,4,832
218.0,54,47820,7860,4,833
219.0,103,25410,7860,4,834
220.0,149,35369,7860,4,835
221.0,24,88237,7860,4,836
222.0,6,718,7860,4,837
223.0,6,20487,7860,4,838
224.0,103,133239,7860,4,839
225.0,24,19752,7860,4,840
226.0,24,76812,7860,4,841
227.0,24,128215,7860,4,842
228.0,24,47714,7860,4,843
229.0,35,116105,7860,4,844
230.0,102,127350,7860,4,845
231.0,136,66502,7860,4,846
232.0,102,101459,7860,4,847
233.0,54,79867,7860,4,848
234.0,82,130719,7860,4,849
235.0,102,3972,7860,4,850
236.0,6,44158,7860,4,851
237.0,132,127812,7860,4,852
238.0,117,94912,7860,4,853
239.0,136,139004,7860,4,854
240.0,128,67947,7860,4,855
241.0,40,28034,7860,4,856
242.0,108,87967,7860,4,857
243.0,24,129363,7860,4,858
244.0,135,47194,7860,4,859
245.0,83,70008,7860,4,860
246.0,46,119935,7860,4,861
247.0,135,117090,7860,4,862
248.0,102,122020,7860,4,863
249.0,7,129450,7860,4,864
250.0,61,99539,7860,4,865
251.0,49,49074,7860,4,866
87.3,148,359,7860,5,867
84.7,148,98603,7860,5,868
84.6,118,32831,7860,5,869
84.6,148,112437,7860,5,870
83.9,148,33918,7860,5,871
83.8,148,1556,7860,5,872
80.2,109,80101,7860,5,873
79.9,102,122020,7860,5,874
79.1,54,79867,7860,5,875
79.0,108,124883,7860,5,876
78.7,136,12347,7860,5,877
78.7,128,67947,7860,5,878
78.6,102,45697,7860,5,879
78.3,35,137557,7860,5,880
78.2,24,97907,7860,5,881
77.9,140,24729,7860,5,882
77.8,102,35599,7860,5,883
77.7,5,136771,7860,5,884
77.7,46,119935,7860,5,885
77.7,119,26615,7860,5,886
77.4,136,139004,7860,5,887
76.0,70,123380,7860,5,888
75.8,61,99539,7860,5,889
75.6,131,111756,7860,5,890
75.4,49,49074,7860,5,891
75.0,108,12220,7860,5,892
74.4,53,120953,7860,5,893
74.3,122,100354,7860,5,894
74.2,40,28034,7860,5,895
73.7,67,121171,7860,5,896
73.6,132,70840,7860,5,897
73.6,29,11217,7860,5,898
73.6,122,54552,7860,5,899
73.5,116,132643,7860,5,900
73.5,24,85846,7860,5,901
73.5,136,10222,7860,5,902
73.5,62,72138,7860,5,903
73.3,136,65447,7860,5,904
73.3,29,112656,7860,5,905
72.9,82,130719,7860,5,906
72.9,7,45207,7860,5,907
72.6,68,124722,7860,5,908
72.5,115,31026,7860,5,909
72.2,120,83747,7860,5,910
72.2,116,60875,7860,5,911
72.1,6,20487,7860,5,912
71.8,119,17374,7860,5,913
71.7,102,101459,7860,5,914
71.4,144,4620,7860,5,915
71.3,29,112351,7860,5,916
71.2,102,3972,7860,5,917
71.0,116,135295,7860,5,918
70.9,83,70008,7860,5,919
70.8,132,127812,7860,5,920
70.8,132,80361,7860,5,921
70.2,117,67637,7860,5,922
70.2,75,61858,7860,5,923
69.9,29,46224,7860,5,924
69.7,127,16186,7860,5,925
69.6,7,129450,7860,5,926
69.6,136,66502,7860,5,927
69.5,35,116105,7860,5,928
69.5,8,8544,7860,5,929
69.3,37,83275,7860,5,930
69.2,144,18272,7860,5,931
69.1,132,2847,7860,5,932
68.9,110,53345,7860,5,933
68.8,149,35369,7860,5,934
68.8,66,41909,7860,5,935
68.7,24,88237,7860,5,936
68.7,62,127500,7860,5,937
68.4,117,94912,7860,5,938
68.0,54,33734,7860,5,939
67.8,116,95276,7860,5,940
67.7,24,78445,7860,5,941
67.5,70,87868,7860,5,942
67.5,62,1282,7860,5,943
67.0,103,133239,7860,5,944
67.0,6,718,7860,5,945
67.0,72,6465,7860,5,946
66.8,132,112115,7860,5,947
66.4,108,87967,7860,5,948
66.1,6,50025,7860,5,949
65.9,62,118220,7860,5,950
65.8,60,17478,7860,5,951
65.6,150,104647,7860,5,952
65.6,6,118610,7860,5,953
65.6,116,42673,7860,5,954
65.6,24,46402,7860,5,955
65.4,54,117551,7860,5,956
65.1,68,19445,7860,5,957
64.9,54,34676,7860,5,958
64.5,93,96460,7860,5,959
64.4,20,128340,7860,5,960
64.4,155,48041,7860,5,961
64.3,66,28221,7860,5,962
64.3,120,78955,7860,5,963
63.8,150,14610,7860,5,964
63.4,110,64007,7860,5,965
63.3,6,16696,7860,5,966
63.3,62,81871,7860,5,967
63.2,101,57315,7860,5,968
63.0,67,54688,7860,5,969
62.9,149,196,7860,5,970
62.7,37,67212,7860,5,971
62.3,82,57413,7860,5,972
62.2,149,21148,7860,5,973
61.8,147,70062,7860,5,974
61.8,149,82904,7860,5,975
61.8,124,11386,7860,5,976
61.5,71,3888,7860,5,977
61.3,120,103089,7860,5,978
61.3,24,19752,7860,5,979
61.2,78,99929,7860,5,980
60.4,149,16620,7860,5,981
60.4,144,4448,7860,5,982
60.3,124,84745,7860,5,983
60.2,62,24405,7860,5,984
60.2,140,9308,7860,5,985
59.8,20,114807,7860,5,986
59.5,68,39746,7860,5,987
59.3,66,67245,7860,5,988
59.2,54,15004,7860,5,989
59.1,54,66122,7860,5,990
59.0,150,105492,7860,5,991
58.9,24,129363,7860,5,992
58.9,115,52547,7860,5,993
58.8,150,15502,7860,5,994
58.8,24,47714,7860,5,995
58.7,1,122908,7860,5,996
58.6,50,117288,7860,5,997
58.6,54,62119,7860,5,998
58.5,150,7049,7860,5,999
58.5,62,96636,7860,5,1000
58.0,133,27204,7860,5,1001
58.0,149,16718,7860,5,1002
58.0,24,59238,7860,5,1003
57.8,24,128215,7860,5,1004
57.7,6,91554,7860,5,1005
57.5,95,25154,7860,5,1006
57.5,54,47820,7860,5,1007
56.9,24,123848,7860,5,1008
56.8,62,51700,7860,5,1009
56.8,24,128455,7860,5,1010
56.4,24,76812,7860,5,1011
56.2,6,74897,7860,5,1012
56.0,149,65991,7860,5,1013
55.9,16,109856,7860,5,1014
55.3,54,12326,7860,5,1015
55.3,62,79809,7860,5,1016
54.9,149,43697,7860,5,1017
54.9,140,90612,7860,5,1018
54.9,120,136655,7860,5,1019
54.9,68,42947,7860,5,1020
54.9,150,120125,7860,5,1021
54.8,24,134606,7860,5,1022
54.8,54,40614,7860,5,1023
54.8,147,61959,7860,5,1024
54.7,103,25410,7860,5,1025
54.6,68,89254,7860,5,1026
54.5,42,29578,7860,5,1027
54.2,149,11362,7860,5,1028
54.0,62,59846,7860,5,1029
53.9,54,48038,7860,5,1030
53.8,119,28936,7860,5,1031
53.7,135,117090,7860,5,1032
53.5,135,47194,7860,5,1033
53.5,79,11240,7860,5,1034
53.3,24,35389,7860,5,1035
53.2,84,114372,7860,5,1036
53.1,120,84925,7860,5,1037
52.9,150,31655,7860,5,1038
52.7,111,89608,7860,5,1039
52.5,68,14789,7860,5,1040
52.5,6,44158,7860,5,1041
52.5,147,58246,7860,5,1042
52.4,54,16365,7860,5,1043
52.2,144,53452,7860,5,1044
52.1,150,50504,7860,5,1045
52.0,93,78185,7860,5,1046
51.9,143,125499,7860,5,1047
51.9,149,67856,7860,5,1048
51.9,150,105080,7860,5,1049
51.1,62,52793,7860,5,1050
50.9,66,33786,7860,5,1051
50.7,50,15158,7860,5,1052
50.7,47,702,7860,5,1053
50.4,68,100971,7860,5,1054
50.3,150,27462,7860,5,1055
50.2,103,6887,7860,5,1056
50.0,150,87627,7860,5,1057
49.8,68,9788,7860,5,1058
49.8,150,102738,7860,5,1059
49.6,87,55228,7860,5,1060
49.5,50,67172,7860,5,1061
49.4,24,110124,7860,5,1062
49.3,50,124203,7860,5,1063
49.3,43,19519,7860,5,1064
49.3,150,82852,7860,5,1065
49.2,93,107020,7860,5,1066
49.1,149,84590,7860,5,1067
48.9,110,98788,7860,5,1068
48.6,2,2779,7860,5,1069
48.6,115,22826,7860,5,1070
48.5,68,125610,7860,5,1071
48.4,68,76144,7860,5,1072
48.3,132,9692,7860,5,1073
48.2,150,30492,7860,5,1074
48.1,12,76554,7860,5,1075
47.9,155,50016,7860,5,1076
47.7,132,13224,7860,5,1077
47.3,63,54095,7860,5,1078
47.2,24,81278,7860,5,1079
47.1,150,68922,7860,5,1080
47.1,50,99349,7860,5,1081
46.8,66,33934,7860,5,1082
46.8,150,75733,7860,5,1083
46.3,72,3063,7860,5,1084
46.2,150,92114,7860,5,1085
46.1,56,122077,7860,5,1086
46.1,24,68522,7860,5,1087
45.9,147,86342,7860,5,1088
45.8,97,21639,7860,5,1089
45.8,62,46791,7860,5,1090
45.8,147,32649,7860,5,1091
45.5,150,125296,7860,5,1092
45.5,149,68521,7860,5,1093
45.2,22,92104,7860,5,1094
45.0,150,111153,7860,5,1095
45.0,24,47848,7860,5,1096
45.0,30,74642,7860,5,1097
44.8,62,83911,7860,5,1098
44.8,93,20500,7860,5,1099
44.7,149,72028,7860,5,1100
44.7,150,65232,7860,5,1101
44.3,50,83225,7860,5,1102
44.2,150,76527,7860,5,1103
44.2,151,78233,7860,5,1104
44.2,50,70150,7860,5,1105
44.1,56,6615,7860,5,1106
43.5,110,56877,7860,5,1107
43.3,64,121105,7860,5,1108
43.3,65,8140,7860,5,1109
43.2,135,71745,7860,5,1110
43.0,150,94895,7860,5,1111
42.4,50,90132,7860,5,1112
41.8,93,96235,7860,5,1113
40.9,62,31481,7860,5,1114
40.7,68,22486,7860,5,1115
40.7,73,81122,7860,5,1116
40.6,18,16178,7860,5,1117
40.0,44,107540,7860,5,1118
40.0,50,45500,7860,5,1119
39.8,150,52785,7860,5,1120
39.8,24,134682,7860,5,1121
39.7,24,110272,7860,5,1122
39.3,150,132689,7860,5,1123
38.8,157,48118,7860,5,1124
38.5,87,61403,7860,5,1125
38.3,150,105686,7860,5,1126
38.3,24,57748,7860,5,1127
37.9,4,30109,7860,5,1128
37.8,93,46075,7860,5,1129
37.8,18,29803,7860,5,1130
37.6,50,78402,7860,5,1131
37.4,11,31935,7860,5,1132
37.4,68,81469,7860,5,1133
37.1,18,11650,7860,5,1134
37.0,42,97863,7860,5,1135
36.8,28,109391,7860,5,1136
36.6,4,17655,7860,5,1137
36.4,150,50855,7860,5,1138
36.2,149,13529,7860,5,1139
35.6,150,6675,7860,5,1140
35.3,115,72229,7860,5,1141
35.1,149,28804,7860,5,1142
34.5,50,73344,7860,5,1143
34.3,150,92075,7860,5,1144
33.8,18,20279,7860,5,1145
33.7,150,24767,7860,5,1146
33.4,30,14529,7860,5,1147
32.6,100,134592,7860,5,1148
32.6,150,82788,7860,5,1149
32.4,93,75607,7860,5,1150
32.4,150,76363,7860,5,1151
32.3,149,16031,7860,5,1152
32.1,41,109611,7860,5,1153
31.8,106,63923,7860,5,1154
31.3,150,85809,7860,5,1155
30.6,137,30562,7860,5,1156
30.2,150,103051,7860,5,1157
30.0,69,58873,7860,5,1158
29.6,18,118963,7860,5,1159
29.3,18,94916,7860,5,1160
29.1,114,67196,7860,5,1161
28.4,150,2380,7860,5,1162
28.1,30,19760,7860,5,1163
27.9,93,122654,7860,5,1164
27.3,6,2853,7860,5,1165
26.0,130,20840,7860,5,1166
25.9,150,31833,7860,5,1167
25.6,42,46342,7860,5,1168
25.0,18,40286,7860,5,1169
24.9,150,8943,7860,5,1170
24.3,4,101155,7860,5,1171
24.2,18,98926,7860,5,1172
23.6,142,94806,7860,5,1173
23.4,18,104705,7860,5,1174
22.9,150,75062,7860,5,1175
22.6,18,100105,7860,5,1176
22.3,130,94724,7860,5,1177
20.2,59,107302,7860,5,1178
19.9,112,94760,7860,5,1179
19.4,130,34328,7860,5,1180
19.3,130,55193,7860,5,1181
18.2,130,95658,7860,5,1182
18.0,154,21003,7860,5,1183
17.6,130,92483,7860,5,1184
1.0,148,359,7860,6,1185
2.0,148,98603,7860,6,1186
3.0,118,32831,7860,6,1187
5.0,148,112437,7860,6,1188
6.0,148,33918,7860,6,1189
7.0,148,1556,7860,6,1190
8.0,109,80101,7860,6,1191
9.0,102,122020,7860,6,1192
10.0,54,79867,7860,6,1193
11.0,108,124883,7860,6,1194
12.0,136,12347,7860,6,1195
13.0,128,67947,7860,6,1196
14.0,102,45697,7860,6,1197
16.0,35,137557,7860,6,1198
17.0,24,97907,7860,6,1199
18.0,140,24729,7860,6,1200
19.0,102,35599,7860,6,1201
20.0,5,136771,7860,6,1202
21.0,46,119935,7860,6,1203
22.0,119,26615,7860,6,1204
23.0,136,139004,7860,6,1205
25.0,70,123380,7860,6,1206
26.0,61,99539,7860,6,1207
28.0,131,111756,7860,6,1208
29.0,49,49074,7860,6,1209
31.0,108,12220,7860,6,1210
33.0,53,120953,7860,6,1211
34.0,122,100354,7860,6,1212
36.0,40,28034,7860,6,1213
39.0,67,121171,7860,6,1214
40.0,132,70840,7860,6,1215
42.0,29,11217,7860,6,1216
43.0,122,54552,7860,6,1217
44.0,116,132643,7860,6,1218
45.0,24,85846,7860,6,1219
46.0,136,10222,7860,6,1220
47.0,62,72138,7860,6,1221
48.0,136,65447,7860,6,1222
49.0,29,112656,7860,6,1223
50.0,82,130719,7860,6,1224
51.0,7,45207,7860,6,1225
52.0,68,124722,7860,6,1226
53.0,115,31026,7860,6,1227
54.0,120,83747,7860,6,1228
55.0,116,60875,7860,6,1229
56.0,6,20487,7860,6,1230
57.0,119,17374,7860,6,1231
58.0,102,101459,7860,6,1232
59.0,144,4620,7860,6,1233
60.0,29,112351,7860,6,1234
61.0,102,3972,7860,6,1235
62.0,116,135295,7860,6,1236
63.0,83,70008,7860,6,1237
64.0,132,127812,7860,6,1238
65.0,132,80361,7860,6,1239
66.0,117,67637,7860,6,1240
67.0,75,61858,7860,6,1241
68.0,29,46224,7860,6,1242
69.0,127,16186,7860,6,1243
70.0,7,129450,7860,6,1244
71.0,136,66502,7860,6,1245
72.0,35,116105,7860,6,1246
73.0,8,8544,7860,6,1247
74.0,37,83275,7860,6,1248
75.0,144,18272,7860,6,1249
76.0,132,2847,7860,6,1250
77.0,110,53345,7860,6,1251
79.0,149,35369,7860,6,1252
80.0,66,41909,7860,6,1253
81.0,24,88237,7860,6,1254
82.0,62,127500,7860,6,1255
83.0,117,94912,7860,6,1256
84.0,54,33734,7860,6,1257
85.0,116,95276,7860,6,1258
86.0,24,78445,7860,6,1259
87.0,70,87868,7860,6,1260
89.0,62,1282,7860,6,1261
90.0,103,133239,7860,6,1262
91.0,6,718,7860,6,1263
92.0,72,6465,7860,6,1264
93.0,132,112115,7860,6,1265
95.0,108,87967,7860,6,1266
96.0,6,50025,7860,6,1267
97.0,62,118220,7860,6,1268
98.0,60,17478,7860,6,1269
99.0,150,104647,7860,6,1270
100.0,6,118610,7860,6,1271
101.0,116,42673,7860,6,1272
102.0,24,46402,7860,6,1273
103.0,54,117551,7860,6,1274
104.0,68,19445,7860,6,1275
105.0,54,34676,7860,6,1276
106.0,93,96460,7860,6,1277
107.0,20,128340,7860,6,1278
108.0,155,48041,7860,6,1279
109.0,66,28221,7860,6,1280
110.0,120,78955,7860,6,1281
111.0,150,14610,7860,6,1282
112.0,110,64007,7860,6,1283
113.0,6,16696,7860,6,1284
114.0,62,81871,7860,6,1285
115.0,101,57315,7860,6,1286
117.0,67,54688,7860,6,1287
119.0,149,196,7860,6,1288
120.0,37,67212,7860,6,1289
121.0,82,57413,7860,6,1290
122.0,149,21148,7860,6,1291
123.0,147,70062,7860,6,1292
124.0,149,82904,7860,6,1293
125.0,124,11386,7860,6,1294
126.0,71,3888,7860,6,1295
127.0,120,103089,7860,6,1296
129.0,24,19752,7860,6,1297
130.0,78,99929,7860,6,1298
131.0,149,16620,7860,6,1299
132.0,144,4448,7860,6,1300
133.0,124,84745,7860,6,1301
134.0,62,24405,7860,6,1302
135.0,140,9308,7860,6,1303
137.0,20,114807,7860,6,1304
138.0,68,39746,7860,6,1305
139.0,66,67245,7860,6,1306
140.0,54,15004,7860,6,1307
141.0,54,66122,7860,6,1308
142.0,150,105492,7860,6,1309
143.0,24,129363,7860,6,1310
144.0,115,52547,7860,6,1311
145.0,150,15502,7860,6,1312
146.0,24,47714,7860,6,1313
147.0,1,122908,7860,6,1314
148.0,50,117288,7860,6,1315
149.0,54,62119,7860,6,1316
150.0,150,7049,7860,6,1317
151.0,62,96636,7860,6,1318
153.0,133,27204,7860,6,1319
154.0,149,16718,7860,6,1320
155.0,24,59238,7860,6,1321
156.0,24,128215,7860,6,1322
157.0,6,91554,7860,6,1323
158.0,95,25154,7860,6,1324
159.0,54,47820,7860,6,1325
160.0,24,123848,7860,6,1326
161.0,62,51700,7860,6,1327
163.0,24,128455,7860,6,1328
164.0,24,76812,7860,6,1329
165.0,6,74897,7860,6,1330
166.0,149,65991,7860,6,1331
167.0,16,109856,7860,6,1332
168.0,54,12326,7860,6,1333
169.0,62,79809,7860,6,1334
170.0,149,43697,7860,6,1335
171.0,140,90612,7860,6,1336
172.0,120,136655,7860,6,1337
173.0,68,42947,7860,6,1338
174.0,150,120125,7860,6,1339
175.0,24,134606,7860,6,1340
176.0,54,40614,7860,6,1341
177.0,147,61959,7860,6,1342
178.0,103,25410,7860,6,1343
179.0,68,89254,7860,6,1344
180.0,42,29578,7860,6,1345
181.0,149,11362,7860,6,1346
182.0,62,59846,7860,6,1347
183.0,54,48038,7860,6,1348
185.0,119,28936,7860,6,1349
186.0,135,117090,7860,6,1350
187.0,135,47194,7860,6,1351
188.0,79,11240,7860,6,1352
189.0,24,35389,7860,6,1353
190.0,84,114372,7860,6,1354
191.0,120,84925,7860,6,1355
192.0,150,31655,7860,6,1356
193.0,111,89608,7860,6,1357
194.0,68,14789,7860,6,1358
195.0,6,44158,7860,6,1359
196.0,147,58246,7860,6,1360
197.0,54,16365,7860,6,1361
198.0,144,53452,7860,6,1362
199.0,150,50504,7860,6,1363
200.0,93,78185,7860,6,1364
202.0,143,125499,7860,6,1365
203.0,149,67856,7860,6,1366
204.0,150,105080,7860,6,1367
205.0,62,52793,7860,6,1368
206.0,66,33786,7860,6,1369
207.0,50,15158,7860,6,1370
208.0,47,702,7860,6,1371
209.0,68,100971,7860,6,1372
210.0,150,27462,7860,6,1373
211.0,103,6887,7860,6,1374
213.0,150,87627,7860,6,1375
214.0,68,9788,7860,6,1376
215.0,150,102738,7860,6,1377
216.0,87,55228,7860,6,1378
217.0,50,67172,7860,6,1379
218.0,24,110124,7860,6,1380
219.0,50,124203,7860,6,1381
220.0,43,19519,7860,6,1382
221.0,150,82852,7860,6,1383
222.0,93,107020,7860,6,1384
223.0,149,84590,7860,6,1385
224.0,110,98788,7860,6,1386
225.0,2,2779,7860,6,1387
226.0,115,22826,7860,6,1388
227.0,68,125610,7860,6,1389
228.0,68,76144,7860,6,1390
229.0,132,9692,7860,6,1391
230.0,150,30492,7860,6,1392
231.0,12,76554,7860,6,1393
232.0,155,50016,7860,6,1394
233.0,132,13224,7860,6,1395
234.0,63,54095,7860,6,1396
235.0,24,81278,7860,6,1397
236.0,150,68922,7860,6,1398
237.0,50,99349,7860,6,1399
238.0,66,33934,7860,6,1400
239.0,150,75733,7860,6,1401
241.0,72,3063,7860,6,1402
242.0,150,92114,7860,6,1403
243.0,56,122077,7860,6,1404
244.0,24,68522,7860,6,1405
245.0,147,86342,7860,6,1406
246.0,97,21639,7860,6,1407
247.0,62,46791,7860,6,1408
248.0,147,32649,7860,6,1409
249.0,150,125296,7860,6,1410
250.0,149,68521,7860,6,1411
251.0,22,92104,7860,6,1412
252.0,150,111153,7860,6,1413
253.0,24,47848,7860,6,1414
254.0,30,74642,7860,6,1415
255.0,62,83911,7860,6,1416
256.0,93,20500,7860,6,1417
257.0,149,72028,7860,6,1418
258.0,150,65232,7860,6,1419
260.0,50,83225,7860,6,1420
261.0,150,76527,7860,6,1421
262.0,151,78233,7860,6,1422
263.0,50,70150,7860,6,1423
264.0,56,6615,7860,6,1424
266.0,110,56877,7860,6,1425
267.0,64,121105,7860,6,1426
268.0,65,8140,7860,6,1427
269.0,135,71745,7860,6,1428
270.0,150,94895,7860,6,1429
271.0,50,90132,7860,6,1430
272.0,93,96235,7860,6,1431
274.0,62,31481,7860,6,1432
275.0,68,22486,7860,6,1433
276.0,73,81122,7860,6,1434
277.0,18,16178,7860,6,1435
278.0,44,107540,7860,6,1436
279.0,50,45500,7860,6,1437
280.0,150,52785,7860,6,1438
281.0,24,134682,7860,6,1439
282.0,24,110272,7860,6,1440
283.0,150,132689,7860,6,1441
286.0,157,48118,7860,6,1442
287.0,87,61403,7860,6,1443
288.0,150,105686,7860,6,1444
289.0,24,57748,7860,6,1445
290.0,4,30109,7860,6,1446
291.0,93,46075,7860,6,1447
292.0,18,29803,7860,6,1448
293.0,50,78402,7860,6,1449
294.0,11,31935,7860,6,1450
295.0,68,81469,7860,6,1451
296.0,18,11650,7860,6,1452
297.0,42,97863,7860,6,1453
298.0,28,109391,7860,6,1454
299.0,4,17655,7860,6,1455
300.0,150,50855,7860,6,1456
301.0,149,13529,7860,6,1457
302.0,150,6675,7860,6,1458
303.0,115,72229,7860,6,1459
304.0,149,28804,7860,6,1460
305.0,50,73344,7860,6,1461
306.0,150,92075,7860,6,1462
307.0,18,20279,7860,6,1463
308.0,150,24767,7860,6,1464
309.0,30,14529,7860,6,1465
310.0,100,134592,7860,6,1466
311.0,150,82788,7860,6,1467
312.0,93,75607,7860,6,1468
313.0,150,76363,7860,6,1469
314.0,149,16031,7860,6,1470
316.0,41,109611,7860,6,1471
317.0,106,63923,7860,6,1472
318.0,150,85809,7860,6,1473
319.0,137,30562,7860,6,1474
320.0,150,103051,7860,6,1475
321.0,69,58873,7860,6,1476
322.0,18,118963,7860,6,1477
323.0,18,94916,7860,6,1478
324.0,114,67196,7860,6,1479
325.0,150,2380,7860,6,1480
326.0,30,19760,7860,6,1481
327.0,93,122654,7860,6,1482
328.0,6,2853,7860,6,1483
329.0,130,20840,7860,6,1484
330.0,150,31833,7860,6,1485
331.0,42,46342,7860,6,1486
332.0,18,40286,7860,6,1487
333.0,150,8943,7860,6,1488
334.0,4,101155,7860,6,1489
335.0,18,98926,7860,6,1490
336.0,142,94806,7860,6,1491
337.0,18,104705,7860,6,1492
338.0,150,75062,7860,6,1493
339.0,18,100105,7860,6,1494
340.0,130,94724,7860,6,1495
341.0,59,107302,7860,6,1496
342.0,112,94760,7860,6,1497
343.0,130,34328,7860,6,1498
344.0,130,55193,7860,6,1499
345.0,130,95658,7860,6,1500
346.0,154,21003,7860,6,1501
347.0,130,92483,7860,6,1502
108.3,136,10222,7860,7,1503
106.3,136,65447,7860,7,1504
104.9,136,139004,7860,7,1505
101.4,136,66502,7860,7,1506
101.2,136,12347,7860,7,1507
100.0,150,82852,7860,7,1508
94.4,150,85809,7860,7,1509
88.9,150,105686,7860,7,1510
88.4,150,50504,7860,7,1511
85.0,150,15502,7860,7,1512
83.8,108,124883,7860,7,1513
83.0,61,99539,7860,7,1514
82.3,6,20487,7860,7,1515
82.2,150,111153,7860,7,1516
81.4,150,68922,7860,7,1517
81.1,150,132689,7860,7,1518
80.7,150,105492,7860,7,1519
80.7,150,102738,7860,7,1520
80.1,150,24767,7860,7,1521
79.2,108,12220,7860,7,1522
78.7,150,120125,7860,7,1523
78.5,150,6675,7860,7,1524
77.8,150,94895,7860,7,1525
77.3,108,116758,7860,7,1526
77.2,149,68521,7860,7,1527
76.5,6,718,7860,7,1528
76.4,150,31655,7860,7,1529
75.7,150,98298,7860,7,1530
75.5,108,87967,7860,7,1531
75.0,40,28034,7860,7,1532
74.9,150,92075,7860,7,1533
74.4,150,24069,7860,7,1534
73.8,6,118610,7860,7,1535
73.7,150,82788,7860,7,1536
73.6,150,87079,7860,7,1537
73.3,150,40221,7860,7,1538
73.1,150,52785,7860,7,1539
73.0,150,81643,7860,7,1540
72.8,150,125296,7860,7,1541
72.6,50,90132,7860,7,1542
72.5,150,75733,7860,7,1543
72.5,150,30492,7860,7,1544
72.4,40,139322,7860,7,1545
72.4,24,129363,7860,7,1546
72.0,49,37905,7860,7,1547
71.9,150,93175,7860,7,1548
71.7,150,76527,7860,7,1549
71.0,6,91554,7860,7,1550
70.8,150,86671,7860,7,1551
70.4,150,38163,7860,7,1552
70.1,102,47401,7860,7,1553
69.9,24,128215,7860,7,1554
69.8,150,31833,7860,7,1555
69.5,66,33934,7860,7,1556
69.0,150,27462,7860,7,1557
68.9,24,56473,7860,7,1558
68.7,150,116111,7860,7,1559
68.7,7,104737,7860,7,1560
68.6,150,7049,7860,7,1561
68.6,150,87627,7860,7,1562
68.4,24,19752,7860,7,1563
68.4,103,133239,7860,7,1564
68.2,67,121171,7860,7,1565
68.1,150,40278,7860,7,1566
67.7,24,88237,7860,7,1567
67.6,50,15158,7860,7,1568
67.5,149,88608,7860,7,1569
67.5,150,65232,7860,7,1570
67.5,54,47820,7860,7,1571
67.2,66,28221,7860,7,1572
67.1,150,50855,7860,7,1573
67.1,150,69208,7860,7,1574
67.1,103,6887,7860,7,1575
67.1,150,92114,7860,7,1576
67.0,150,53994,7860,7,1577
66.9,24,123848,7860,7,1578
66.8,6,16696,7860,7,1579
66.8,150,104647,7860,7,1580
66.8,149,35369,7860,7,1581
66.8,54,134224,7860,7,1582
66.7,102,3972,7860,7,1583
66.6,50,83225,7860,7,1584
66.5,50,70150,7860,7,1585
66.5,150,56727,7860,7,1586
66.5,68,76144,7860,7,1587
66.2,49,49074,7860,7,1588
66.0,150,103051,7860,7,1589
66.0,150,99352,7860,7,1590
66.0,6,74897,7860,7,1591
65.9,131,111756,7860,7,1592
65.9,24,47714,7860,7,1593
65.8,54,33389,7860,7,1594
65.7,149,20055,7860,7,1595
65.7,149,16620,7860,7,1596
65.7,54,30871,7860,7,1597
65.4,24,97907,7860,7,1598
65.4,54,37938,7860,7,1599
65.1,50,124203,7860,7,1600
64.9,150,105080,7860,7,1601
64.9,24,110124,7860,7,1602
64.9,150,134142,7860,7,1603
64.7,7,67546,7860,7,1604
64.7,54,48915,7860,7,1605
64.3,54,79867,7860,7,1606
64.2,149,72028,7860,7,1607
64.1,54,37577,7860,7,1608
64.1,7,129450,7860,7,1609
63.8,150,14610,7860,7,1610
63.8,54,12326,7860,7,1611
63.4,54,34676,7860,7,1612
63.3,150,2380,7860,7,1613
63.3,102,70496,7860,7,1614
63.3,54,72296,7860,7,1615
63.2,149,43697,7860,7,1616
63.1,68,14789,7860,7,1617
63.1,54,48038,7860,7,1618
63.0,54,57080,7860,7,1619
62.9,54,40614,7860,7,1620
62.8,67,47589,7860,7,1621
62.8,7,45207,7860,7,1622
62.7,149,67856,7860,7,1623
62.7,24,134682,7860,7,1624
62.7,54,15004,7860,7,1625
62.7,135,117090,7860,7,1626
62.6,24,57748,7860,7,1627
62.4,68,39746,7860,7,1628
62.2,103,25410,7860,7,1629
62.1,149,84590,7860,7,1630
62.1,49,125618,7860,7,1631
62.0,24,78445,7860,7,1632
62.0,67,54688,7860,7,1633
62.0,24,76812,7860,7,1634
61.9,102,127350,7860,7,1635
61.6,54,117551,7860,7,1636
61.4,149,196,7860,7,1637
61.3,24,35389,7860,7,1638
61.2,54,6925,7860,7,1639
61.2,102,35599,7860,7,1640
61.1,149,16718,7860,7,1641
61.1,54,16365,7860,7,1642
61.0,149,82904,7860,7,1643
61.0,83,70008,7860,7,1644
60.4,148,33918,7860,7,1645
60.3,149,21148,7860,7,1646
60.3,54,33734,7860,7,1647
60.3,66,41909,7860,7,1648
60.2,135,71745,7860,7,1649
60.1,149,11362,7860,7,1650
59.9,54,37,7860,7,1651
59.9,149,28804,7860,7,1652
59.6,149,112553,7860,7,1653
59.5,54,66122,7860,7,1654
59.5,150,59543,7860,7,1655
59.4,68,42947,7860,7,1656
59.1,102,101459,7860,7,1657
59.1,135,126978,7860,7,1658
59.0,49,120134,7860,7,1659
58.9,149,65991,7860,7,1660
58.9,24,68522,7860,7,1661
58.9,68,88909,7860,7,1662
58.7,102,45697,7860,7,1663
58.6,150,25923,7860,7,1664
58.6,149,13529,7860,7,1665
58.4,54,62119,7860,7,1666
58.1,29,118413,7860,7,1667
58.1,102,122020,7860,7,1668
58.0,135,47194,7860,7,1669
57.3,37,65021,7860,7,1670
56.9,68,125610,7860,7,1671
56.6,37,67212,7860,7,1672
56.4,89,114507,7860,7,1673
56.3,69,58873,7860,7,1674
55.9,142,94806,7860,7,1675
55.0,151,78233,7860,7,1676
55.0,148,359,7860,7,1677
54.5,68,100971,7860,7,1678
54.5,68,129083,7860,7,1679
53.3,68,81469,7860,7,1680
53.2,37,89894,7860,7,1681
52.9,56,122077,7860,7,1682
52.8,46,119935,7860,7,1683
52.7,46,120648,7860,7,1684
52.6,56,6615,7860,7,1685
52.3,132,9692,7860,7,1686
52.3,132,89332,7860,7,1687
52.2,37,83275,7860,7,1688
52.2,70,123380,7860,7,1689
51.7,68,89254,7860,7,1690
51.3,56,53228,7860,7,1691
51.3,93,78185,7860,7,1692
51.1,118,32831,7860,7,1693
50.9,128,67947,7860,7,1694
50.5,132,70840,7860,7,1695
50.4,132,13224,7860,7,1696
50.0,78,99929,7860,7,1697
49.7,127,16186,7860,7,1698
49.6,10,71958,7860,7,1699
49.2,122,100354,7860,7,1700
49.2,117,67637,7860,7,1701
48.8,68,22486,7860,7,1702
48.4,132,112115,7860,7,1703
47.8,35,137557,7860,7,1704
47.6,82,130719,7860,7,1705
46.9,132,129539,7860,7,1706
46.8,47,702,7860,7,1707
46.6,111,89608,7860,7,1708
46.6,35,99941,7860,7,1709
46.1,93,75607,7860,7,1710
45.6,148,1556,7860,7,1711
45.6,122,30595,7860,7,1712
45.5,132,80361,7860,7,1713
45.4,122,54552,7860,7,1714
45.3,132,127812,7860,7,1715
45.3,127,60807,7860,7,1716
45.1,70,87868,7860,7,1717
45.1,132,2847,7860,7,1718
45.0,148,112437,7860,7,1719
44.9,82,57413,7860,7,1720
44.9,93,122654,7860,7,1721
44.8,79,11240,7860,7,1722
44.6,117,7124,7860,7,1723
44.5,93,46075,7860,7,1724
44.4,1,122908,7860,7,1725
44.2,116,132643,7860,7,1726
44.1,117,26922,7860,7,1727
44.1,60,17478,7860,7,1728
43.8,35,116105,7860,7,1729
43.7,75,61858,7860,7,1730
43.7,116,60875,7860,7,1731
43.5,117,94912,7860,7,1732
43.3,41,109611,7860,7,1733
43.1,123,30407,7860,7,1734
42.9,109,80101,7860,7,1735
42.7,117,16051,7860,7,1736
42.7,71,3888,7860,7,1737
42.7,28,109391,7860,7,1738
42.6,35,87943,7860,7,1739
42.2,116,135295,7860,7,1740
41.5,154,21003,7860,7,1741
41.4,124,11386,7860,7,1742
41.3,5,136771,7860,7,1743
41.2,116,57350,7860,7,1744
41.1,116,42673,7860,7,1745
41.1,116,95276,7860,7,1746
41.1,116,102149,7860,7,1747
40.8,116,42676,7860,7,1748
40.8,119,17374,7860,7,1749
40.6,60,118712,7860,7,1750
40.5,20,114807,7860,7,1751
40.3,22,92104,7860,7,1752
39.5,60,31277,7860,7,1753
39.3,116,118698,7860,7,1754
39.0,124,84745,7860,7,1755
39.0,140,9308,7860,7,1756
38.8,119,26615,7860,7,1757
38.4,157,48118,7860,7,1758
38.1,18,118963,7860,7,1759
38.0,29,112351,7860,7,1760
37.5,144,53452,7860,7,1761
37.4,20,128340,7860,7,1762
37.2,119,87376,7860,7,1763
37.1,53,120953,7860,7,1764
37.0,20,18078,7860,7,1765
36.9,18,100105,7860,7,1766
36.8,133,27204,7860,7,1767
36.6,42,46342,7860,7,1768
36.6,16,9359,7860,7,1769
36.5,140,92162,7860,7,1770
36.2,115,72229,7860,7,1771
36.2,130,55193,7860,7,1772
36.2,115,97696,7860,7,1773
36.0,20,93622,7860,7,1774
35.8,120,78955,7860,7,1775
35.8,144,4620,7860,7,1776
35.6,119,113331,7860,7,1777
35.5,95,25154,7860,7,1778
35.5,29,11217,7860,7,1779
35.4,16,109856,7860,7,1780
35.4,130,94724,7860,7,1781
35.0,29,112656,7860,7,1782
34.9,72,3063,7860,7,1783
34.6,115,22826,7860,7,1784
34.6,106,63923,7860,7,1785
34.4,18,16178,7860,7,1786
34.2,42,97863,7860,7,1787
34.2,130,20840,7860,7,1788
34.1,84,114372,7860,7,1789
34.1,130,95658,7860,7,1790
33.9,29,48007,7860,7,1791
33.9,124,83777,7860,7,1792
33.7,18,94916,7860,7,1793
33.7,18,40286,7860,7,1794
33.6,114,67196,7860,7,1795
33.5,72,6465,7860,7,1796
33.3,87,61403,7860,7,1797
33.0,29,46224,7860,7,1798
32.9,18,11650,7860,7,1799
32.9,144,4448,7860,7,1800
32.8,8,8544,7860,7,1801
32.4,53,10501,7860,7,1802
32.4,42,29578,7860,7,1803
32.2,18,29803,7860,7,1804
32.2,30,74642,7860,7,1805
32.0,97,21639,7860,7,1806
31.9,65,8140,7860,7,1807
31.9,97,97989,7860,7,1808
31.8,120,131134,7860,7,1809
31.8,18,118907,7860,7,1810
31.7,18,98926,7860,7,1811
31.6,130,34328,7860,7,1812
31.4,120,103089,7860,7,1813
31.2,55,471,7860,7,1814
31.2,30,19760,7860,7,1815
31.1,144,18272,7860,7,1816
31.0,29,135327,7860,7,1817
30.9,140,24729,7860,7,1818
30.8,97,73309,7860,7,1819
30.7,144,75386,7860,7,1820
30.6,30,14529,7860,7,1821
30.4,4,17655,7860,7,1822
30.2,29,81368,7860,7,1823
30.2,29,24372,7860,7,1824
30.1,63,54095,7860,7,1825
30.0,155,50016,7860,7,1826
29.8,2,2779,7860,7,1827
29.7,73,81122,7860,7,1828
29.4,97,120253,7860,7,1829
29.3,147,61959,7860,7,1830
29.3,155,48041,7860,7,1831
28.9,143,125499,7860,7,1832
28.7,97,958,7860,7,1833
28.6,120,136655,7860,7,1834
28.5,64,121105,7860,7,1835
28.3,120,84925,7860,7,1836
28.1,120,57547,7860,7,1837
28.0,120,60948,7860,7,1838
28.0,120,83747,7860,7,1839
27.9,76,13603,7860,7,1840
27.7,120,104790,7860,7,1841
27.6,120,101378,7860,7,1842
27.6,120,56220,7860,7,1843
27.5,120,126360,7860,7,1844
27.4,152,120680,7860,7,1845
26.9,12,76554,7860,7,1846
26.8,147,86342,7860,7,1847
26.8,113,6506,7860,7,1848
26.7,143,115559,7860,7,1849
26.6,121,58569,7860,7,1850
26.5,139,30801,7860,7,1851
26.4,11,31935,7860,7,1852
26.4,147,58246,7860,7,1853
26.3,147,32649,7860,7,1854
26.3,147,70062,7860,7,1855
26.0,101,57315,7860,7,1856
25.7,120,91474,7860,7,1857
25.0,62,46791,7860,7,1858
24.0,62,83911,7860,7,1859
24.0,62,96636,7860,7,1860
23.9,62,79809,7860,7,1861
23.8,64,53287,7860,7,1862
23.5,62,31481,7860,7,1863
22.9,62,51700,7860,7,1864
22.9,62,1282,7860,7,1865
22.7,120,24344,7860,7,1866
21.6,62,127500,7860,7,1867
21.4,62,24405,7860,7,1868
21.2,62,118220,7860,7,1869
21.2,62,12887,7860,7,1870
20.6,62,54085,7860,7,1871
20.5,62,59846,7860,7,1872
20.2,43,19519,7860,7,1873
20.0,62,26921,7860,7,1874
19.8,110,53345,7860,7,1875
18.9,110,64007,7860,7,1876
18.8,110,56877,7860,7,1877
18.0,43,2670,7860,7,1878
127.8,136,10222,7860,8,1879
117.4,136,65447,7860,8,1880
112.7,136,139004,7860,8,1881
113.2,136,66502,7860,8,1882
108.1,136,12347,7860,8,1883
100.0,150,82852,7860,8,1884
101.0,150,85809,7860,8,1885
101.0,150,105686,7860,8,1886
105.4,150,50504,7860,8,1887
96.5,150,15502,7860,8,1888
81.6,108,124883,7860,8,1889
90.7,61,99539,7860,8,1890
80.1,6,20487,7860,8,1891
86.7,150,111153,7860,8,1892
85.0,150,68922,7860,8,1893
83.3,150,132689,7860,8,1894
78.2,150,105492,7860,8,1895
85.7,150,102738,7860,8,1896
90.2,150,24767,7860,8,1897
82.9,108,12220,7860,8,1898
87.8,150,120125,7860,8,1899
85.4,150,6675,7860,8,1900
83.8,150,94895,7860,8,1901
76.1,108,116758,7860,8,1902
65.1,149,68521,7860,8,1903
81.0,6,718,7860,8,1904
80.1,150,31655,7860,8,1905
80.7,150,98298,7860,8,1906
80.3,108,87967,7860,8,1907
67.0,40,28034,7860,8,1908
84.4,150,92075,7860,8,1909
83.9,150,24069,7860,8,1910
80.2,6,118610,7860,8,1911
79.6,150,82788,7860,8,1912
77.4,150,87079,7860,8,1913
78.3,150,40221,7860,8,1914
68.2,150,52785,7860,8,1915
79.7,150,81643,7860,8,1916
74.1,150,125296,7860,8,1917
80.0,50,90132,7860,8,1918
70.7,150,75733,7860,8,1919
73.6,150,30492,7860,8,1920
68.2,40,139322,7860,8,1921
83.6,24,129363,7860,8,1922
72.4,49,37905,7860,8,1923
81.9,150,93175,7860,8,1924
80.2,150,76527,7860,8,1925
77.6,6,91554,7860,8,1926
75.0,150,86671,7860,8,1927
79.6,150,38163,7860,8,1928
60.8,102,47401,7860,8,1929
81.1,24,128215,7860,8,1930
78.4,150,31833,7860,8,1931
61.8,66,33934,7860,8,1932
75.8,150,27462,7860,8,1933
72.8,24,56473,7860,8,1934
70.4,150,116111,7860,8,1935
73.3,7,104737,7860,8,1936
70.5,150,7049,7860,8,1937
72.3,150,87627,7860,8,1938
73.4,24,19752,7860,8,1939
75.9,103,133239,7860,8,1940
65.5,67,121171,7860,8,1941
74.5,150,40278,7860,8,1942
70.1,24,88237,7860,8,1943
76.9,50,15158,7860,8,1944
68.1,149,88608,7860,8,1945
68.4,150,65232,7860,8,1946
64.6,54,47820,7860,8,1947
63.8,66,28221,7860,8,1948
67.8,150,50855,7860,8,1949
70.1,150,69208,7860,8,1950
74.4,103,6887,7860,8,1951
68.4,150,92114,7860,8,1952
76.0,150,53994,7860,8,1953
71.9,24,123848,7860,8,1954
72.7,6,16696,7860,8,1955
68.1,150,104647,7860,8,1956
66.0,149,35369,7860,8,1957
60.2,54,134224,7860,8,1958
57.9,102,3972,7860,8,1959
69.0,50,83225,7860,8,1960
74.8,50,70150,7860,8,1961
72.8,150,56727,7860,8,1962
65.1,68,76144,7860,8,1963
66.6,49,49074,7860,8,1964
70.4,150,103051,7860,8,1965
73.0,150,99352,7860,8,1966
71.4,6,74897,7860,8,1967
90.0,131,111756,7860,8,1968
73.1,24,47714,7860,8,1969
62.7,54,33389,7860,8,1970
62.9,149,20055,7860,8,1971
61.7,149,16620,7860,8,1972
62.7,54,30871,7860,8,1973
72.7,24,97907,7860,8,1974
62.0,54,37938,7860,8,1975
74.3,50,124203,7860,8,1976
63.1,150,105080,7860,8,1977
66.2,24,110124,7860,8,1978
71.0,150,134142,7860,8,1979
68.4,7,67546,7860,8,1980
63.2,54,48915,7860,8,1981
61.1,54,79867,7860,8,1982
61.7,149,72028,7860,8,1983
61.2,54,37577,7860,8,1984
67.7,7,129450,7860,8,1985
64.3,150,14610,7860,8,1986
60.3,54,12326,7860,8,1987
62.8,54,34676,7860,8,1988
69.3,150,2380,7860,8,1989
58.2,102,70496,7860,8,1990
62.6,54,72296,7860,8,1991
57.4,149,43697,7860,8,1992
63.8,68,14789,7860,8,1993
61.2,54,48038,7860,8,1994
61.2,54,57080,7860,8,1995
59.9,54,40614,7860,8,1996
59.7,67,47589,7860,8,1997
63.6,7,45207,7860,8,1998
57.4,149,67856,7860,8,1999
67.7,24,134682,7860,8,2000
60.4,54,15004,7860,8,2001
62.8,135,117090,7860,8,2002
71.0,24,57748,7860,8,2003
64.1,68,39746,7860,8,2004
72.0,103,25410,7860,8,2005
62.0,149,84590,7860,8,2006
57.4,49,125618,7860,8,2007
69.2,24,78445,7860,8,2008
58.4,67,54688,7860,8,2009
62.3,24,76812,7860,8,2010
58.1,102,127350,7860,8,2011
61.4,54,117551,7860,8,2012
56.6,149,196,7860,8,2013
67.5,24,35389,7860,8,2014
62.4,54,6925,7860,8,2015
58.0,102,35599,7860,8,2016
57.7,149,16718,7860,8,2017
61.5,54,16365,7860,8,2018
58.2,149,82904,7860,8,2019
62.3,83,70008,7860,8,2020
46.0,148,33918,7860,8,2021
59.8,149,21148,7860,8,2022
59.3,54,33734,7860,8,2023
58.8,66,41909,7860,8,2024
65.8,135,71745,7860,8,2025
55.1,149,11362,7860,8,2026
60.9,54,37,7860,8,2027
57.2,149,28804,7860,8,2028
54.2,149,112553,7860,8,2029
62.8,54,66122,7860,8,2030
61.5,150,59543,7860,8,2031
61.0,68,42947,7860,8,2032
57.0,102,101459,7860,8,2033
61.4,135,126978,7860,8,2034
59.4,49,120134,7860,8,2035
51.5,149,65991,7860,8,2036
61.1,24,68522,7860,8,2037
57.3,68,88909,7860,8,2038
57.4,102,45697,7860,8,2039
64.7,150,25923,7860,8,2040
51.9,149,13529,7860,8,2041
61.1,54,62119,7860,8,2042
72.0,29,118413,7860,8,2043
56.3,102,122020,7860,8,2044
59.8,135,47194,7860,8,2045
53.2,37,65021,7860,8,2046
59.3,68,125610,7860,8,2047
51.9,37,67212,7860,8,2048
54.6,89,114507,7860,8,2049
65.7,69,58873,7860,8,2050
59.1,142,94806,7860,8,2051
53.0,151,78233,7860,8,2052
43.3,148,359,7860,8,2053
54.0,68,100971,7860,8,2054
53.0,68,129083,7860,8,2055
52.8,68,81469,7860,8,2056
48.4,37,89894,7860,8,2057
49.5,56,122077,7860,8,2058
46.8,46,119935,7860,8,2059
50.2,46,120648,7860,8,2060
50.0,56,6615,7860,8,2061
48.5,132,9692,7860,8,2062
47.5,132,89332,7860,8,2063
48.3,37,83275,7860,8,2064
64.5,70,123380,7860,8,2065
53.3,68,89254,7860,8,2066
51.6,56,53228,7860,8,2067
54.2,93,78185,7860,8,2068
44.0,118,32831,7860,8,2069
50.2,128,67947,7860,8,2070
49.7,132,70840,7860,8,2071
48.8,132,13224,7860,8,2072
43.5,78,99929,7860,8,2073
49.9,127,16186,7860,8,2074
44.4,10,71958,7860,8,2075
43.9,122,100354,7860,8,2076
46.4,117,67637,7860,8,2077
47.5,68,22486,7860,8,2078
48.1,132,112115,7860,8,2079
46.1,35,137557,7860,8,2080
44.4,82,130719,7860,8,2081
45.3,132,129539,7860,8,2082
50.8,47,702,7860,8,2083
49.5,111,89608,7860,8,2084
42.8,35,99941,7860,8,2085
50.5,93,75607,7860,8,2086
32.7,148,1556,7860,8,2087
43.0,122,30595,7860,8,2088
43.1,132,80361,7860,8,2089
41.3,122,54552,7860,8,2090
44.1,132,127812,7860,8,2091
45.7,127,60807,7860,8,2092
52.3,70,87868,7860,8,2093
42.2,132,2847,7860,8,2094
36.8,148,112437,7860,8,2095
44.3,82,57413,7860,8,2096
43.8,93,122654,7860,8,2097
33.5,79,11240,7860,8,2098
44.2,117,7124,7860,8,2099
47.9,93,46075,7860,8,2100
45.3,1,122908,7860,8,2101
38.3,116,132643,7860,8,2102
42.8,117,26922,7860,8,2103
41.5,60,17478,7860,8,2104
43.2,35,116105,7860,8,2105
34.9,75,61858,7860,8,2106
39.1,116,60875,7860,8,2107
43.3,117,94912,7860,8,2108
42.4,41,109611,7860,8,2109
41.3,123,30407,7860,8,2110
38.5,109,80101,7860,8,2111
40.5,117,16051,7860,8,2112
38.1,71,3888,7860,8,2113
44.8,28,109391,7860,8,2114
41.1,35,87943,7860,8,2115
37.8,116,135295,7860,8,2116
42.5,154,21003,7860,8,2117
38.7,124,11386,7860,8,2118
36.9,5,136771,7860,8,2119
38.8,116,57350,7860,8,2120
36.9,116,42673,7860,8,2121
38.4,116,95276,7860,8,2122
36.0,116,102149,7860,8,2123
35.5,116,42676,7860,8,2124
38.9,119,17374,7860,8,2125
44.2,60,118712,7860,8,2126
40.4,20,114807,7860,8,2127
46.0,22,92104,7860,8,2128
38.3,60,31277,7860,8,2129
35.7,116,118698,7860,8,2130
38.0,124,84745,7860,8,2131
45.3,140,9308,7860,8,2132
38.5,119,26615,7860,8,2133
34.8,157,48118,7860,8,2134
37.1,18,118963,7860,8,2135
43.7,29,112351,7860,8,2136
35.2,144,53452,7860,8,2137
38.1,20,128340,7860,8,2138
36.2,119,87376,7860,8,2139
36.0,53,120953,7860,8,2140
38.0,20,18078,7860,8,2141
33.0,18,100105,7860,8,2142
53.2,133,27204,7860,8,2143
36.8,42,46342,7860,8,2144
35.7,16,9359,7860,8,2145
42.0,140,92162,7860,8,2146
41.8,115,72229,7860,8,2147
30.3,130,55193,7860,8,2148
41.3,115,97696,7860,8,2149
38.1,20,93622,7860,8,2150
33.0,120,78955,7860,8,2151
32.2,144,4620,7860,8,2152
34.3,119,113331,7860,8,2153
32.6,95,25154,7860,8,2154
38.4,29,11217,7860,8,2155
35.1,16,109856,7860,8,2156
30.2,130,94724,7860,8,2157
41.9,29,112656,7860,8,2158
34.4,72,3063,7860,8,2159
41.5,115,22826,7860,8,2160
40.8,106,63923,7860,8,2161
33.6,18,16178,7860,8,2162
37.9,42,97863,7860,8,2163
31.0,130,20840,7860,8,2164
33.2,84,114372,7860,8,2165
29.3,130,95658,7860,8,2166
42.4,29,48007,7860,8,2167
32.9,124,83777,7860,8,2168
33.2,18,94916,7860,8,2169
32.2,18,40286,7860,8,2170
35.9,114,67196,7860,8,2171
34.5,72,6465,7860,8,2172
39.9,87,61403,7860,8,2173
40.9,29,46224,7860,8,2174
31.5,18,11650,7860,8,2175
32.5,144,4448,7860,8,2176
30.5,8,8544,7860,8,2177
35.6,53,10501,7860,8,2178
35.6,42,29578,7860,8,2179
31.7,18,29803,7860,8,2180
33.5,30,74642,7860,8,2181
32.0,97,21639,7860,8,2182
29.1,65,8140,7860,8,2183
30.9,97,97989,7860,8,2184
31.0,120,131134,7860,8,2185
32.0,18,118907,7860,8,2186
32.2,18,98926,7860,8,2187
27.0,130,34328,7860,8,2188
29.1,120,103089,7860,8,2189
34.6,55,471,7860,8,2190
34.2,30,19760,7860,8,2191
30.2,144,18272,7860,8,2192
35.6,29,135327,7860,8,2193
39.9,140,24729,7860,8,2194
29.5,97,73309,7860,8,2195
29.8,144,75386,7860,8,2196
31.9,30,14529,7860,8,2197
31.9,4,17655,7860,8,2198
37.3,29,81368,7860,8,2199
36.5,29,24372,7860,8,2200
36.6,63,54095,7860,8,2201
34.9,155,50016,7860,8,2202
38.0,2,2779,7860,8,2203
30.9,73,81122,7860,8,2204
30.5,97,120253,7860,8,2205
27.9,147,61959,7860,8,2206
34.1,155,48041,7860,8,2207
32.6,143,125499,7860,8,2208
30.1,97,958,7860,8,2209
26.9,120,136655,7860,8,2210
23.8,64,121105,7860,8,2211
27.7,120,84925,7860,8,2212
25.2,120,57547,7860,8,2213
24.9,120,60948,7860,8,2214
26.2,120,83747,7860,8,2215
27.7,76,13603,7860,8,2216
24.5,120,104790,7860,8,2217
24.9,120,101378,7860,8,2218
26.3,120,56220,7860,8,2219
25.4,120,126360,7860,8,2220
29.0,152,120680,7860,8,2221
26.4,12,76554,7860,8,2222
26.8,147,86342,7860,8,2223
26.1,113,6506,7860,8,2224
29.8,143,115559,7860,8,2225
27.1,121,58569,7860,8,2226
29.0,139,30801,7860,8,2227
30.9,11,31935,7860,8,2228
26.0,147,58246,7860,8,2229
25.2,147,32649,7860,8,2230
26.2,147,70062,7860,8,2231
25.9,101,57315,7860,8,2232
25.2,120,91474,7860,8,2233
27.6,62,46791,7860,8,2234
26.0,62,83911,7860,8,2235
25.5,62,96636,7860,8,2236
25.6,62,79809,7860,8,2237
19.5,64,53287,7860,8,2238
24.5,62,31481,7860,8,2239
26.1,62,51700,7860,8,2240
26.8,62,1282,7860,8,2241
22.7,120,24344,7860,8,2242
25.7,62,127500,7860,8,2243
26.3,62,24405,7860,8,2244
25.4,62,118220,7860,8,2245
24.6,62,12887,7860,8,2246
23.0,62,54085,7860,8,2247
24.2,62,59846,7860,8,2248
20.4,43,19519,7860,8,2249
25.5,62,26921,7860,8,2250
19.0,110,53345,7860,8,2251
16.8,110,64007,7860,8,2252
17.6,110,56877,7860,8,2253
19.4,43,2670,7860,8,2254
99.8,136,10222,7860,9,2255
100.3,136,65447,7860,9,2256
101.8,136,139004,7860,9,2257
99.3,136,66502,7860,9,2258
83.7,136,12347,7860,9,2259
100.0,150,82852,7860,9,2260
104.0,150,85809,7860,9,2261
83.3,150,105686,7860,9,2262
73.9,150,50504,7860,9,2263
81.6,150,15502,7860,9,2264
84.9,108,124883,7860,9,2265
87.6,61,99539,7860,9,2266
99.4,6,20487,7860,9,2267
78.1,150,111153,7860,9,2268
89.5,150,68922,7860,9,2269
83.4,150,132689,7860,9,2270
75.8,150,105492,7860,9,2271
67.3,150,102738,7860,9,2272
82.9,150,24767,7860,9,2273
78.0,108,12220,7860,9,2274
73.5,150,120125,7860,9,2275
78.0,150,6675,7860,9,2276
67.4,150,94895,7860,9,2277
82.5,108,116758,7860,9,2278
80.7,149,68521,7860,9,2279
81.7,6,718,7860,9,2280
69.9,150,31655,7860,9,2281
72.6,150,98298,7860,9,2282
75.3,108,87967,7860,9,2283
86.8,40,28034,7860,9,2284
66.4,150,92075,7860,9,2285
65.6,150,24069,7860,9,2286
62.7,6,118610,7860,9,2287
78.3,150,82788,7860,9,2288
67.4,150,87079,7860,9,2289
73.6,150,40221,7860,9,2290
76.7,150,52785,7860,9,2291
66.8,150,81643,7860,9,2292
74.6,150,125296,7860,9,2293
69.8,50,90132,7860,9,2294
81.8,150,75733,7860,9,2295
68.1,150,30492,7860,9,2296
83.7,40,139322,7860,9,2297
67.6,24,129363,7860,9,2298
78.9,49,37905,7860,9,2299
61.7,150,93175,7860,9,2300
68.5,150,76527,7860,9,2301
64.2,6,91554,7860,9,2302
61.0,150,86671,7860,9,2303
67.8,150,38163,7860,9,2304
79.9,102,47401,7860,9,2305
66.4,24,128215,7860,9,2306
58.2,150,31833,7860,9,2307
74.6,66,33934,7860,9,2308
65.0,150,27462,7860,9,2309
64.0,24,56473,7860,9,2310
77.1,150,116111,7860,9,2311
58.6,7,104737,7860,9,2312
70.9,150,7049,7860,9,2313
75.3,150,87627,7860,9,2314
61.0,24,19752,7860,9,2315
60.3,103,133239,7860,9,2316
76.5,67,121171,7860,9,2317
56.7,150,40278,7860,9,2318
70.4,24,88237,7860,9,2319
60.5,50,15158,7860,9,2320
61.1,149,88608,7860,9,2321
67.9,150,65232,7860,9,2322
63.6,54,47820,7860,9,2323
65.5,66,28221,7860,9,2324
65.1,150,50855,7860,9,2325
67.5,150,69208,7860,9,2326
59.2,103,6887,7860,9,2327
67.7,150,92114,7860,9,2328
64.2,150,53994,7860,9,2329
66.6,24,123848,7860,9,2330
59.8,6,16696,7860,9,2331
63.3,150,104647,7860,9,2332
66.7,149,35369,7860,9,2333
66.0,54,134224,7860,9,2334
74.1,102,3972,7860,9,2335
67.2,50,83225,7860,9,2336
57.7,50,70150,7860,9,2337
60.3,150,56727,7860,9,2338
67.9,68,76144,7860,9,2339
69.6,49,49074,7860,9,2340
65.3,150,103051,7860,9,2341
61.9,150,99352,7860,9,2342
59.3,6,74897,7860,9,2343
37.8,131,111756,7860,9,2344
59.2,24,47714,7860,9,2345
59.3,54,33389,7860,9,2346
67.3,149,20055,7860,9,2347
66.6,149,16620,7860,9,2348
63.4,54,30871,7860,9,2349
61.8,24,97907,7860,9,2350
52.8,54,37938,7860,9,2351
57.0,50,124203,7860,9,2352
65.4,150,105080,7860,9,2353
59.7,24,110124,7860,9,2354
55.9,150,134142,7860,9,2355
57.7,7,67546,7860,9,2356
56.8,54,48915,7860,9,2357
61.8,54,79867,7860,9,2358
63.9,149,72028,7860,9,2359
53.1,54,37577,7860,9,2360
59.3,7,129450,7860,9,2361
65.0,150,14610,7860,9,2362
58.1,54,12326,7860,9,2363
58.1,54,34676,7860,9,2364
67.2,150,2380,7860,9,2365
57.1,102,70496,7860,9,2366
47.4,54,72296,7860,9,2367
62.3,149,43697,7860,9,2368
62.1,68,14789,7860,9,2369
57.9,54,48038,7860,9,2370
56.4,54,57080,7860,9,2371
62.9,54,40614,7860,9,2372
67.6,67,47589,7860,9,2373
56.0,7,45207,7860,9,2374
62.2,149,67856,7860,9,2375
59.9,24,134682,7860,9,2376
60.3,54,15004,7860,9,2377
58.3,135,117090,7860,9,2378
57.1,24,57748,7860,9,2379
60.1,68,39746,7860,9,2380
60.6,103,25410,7860,9,2381
56.5,149,84590,7860,9,2382
66.0,49,125618,7860,9,2383
65.8,24,78445,7860,9,2384
69.5,67,54688,7860,9,2385
56.0,24,76812,7860,9,2386
62.2,102,127350,7860,9,2387
60.3,54,117551,7860,9,2388
59.7,149,196,7860,9,2389
50.8,24,35389,7860,9,2390
53.8,54,6925,7860,9,2391
60.0,102,35599,7860,9,2392
62.6,149,16718,7860,9,2393
52.0,54,16365,7860,9,2394
62.4,149,82904,7860,9,2395
71.7,83,70008,7860,9,2396
60.8,148,33918,7860,9,2397
62.2,149,21148,7860,9,2398
51.7,54,33734,7860,9,2399
59.6,66,41909,7860,9,2400
51.9,135,71745,7860,9,2401
74.2,149,11362,7860,9,2402
52.3,54,37,7860,9,2403
59.1,149,28804,7860,9,2404
56.6,149,112553,7860,9,2405
45.9,54,66122,7860,9,2406
55.0,150,59543,7860,9,2407
54.0,68,42947,7860,9,2408
57.8,102,101459,7860,9,2409
53.2,135,126978,7860,9,2410
61.1,49,120134,7860,9,2411
61.8,149,65991,7860,9,2412
59.2,24,68522,7860,9,2413
55.4,68,88909,7860,9,2414
59.1,102,45697,7860,9,2415
50.7,150,25923,7860,9,2416
61.7,149,13529,7860,9,2417
50.1,54,62119,7860,9,2418
44.2,29,118413,7860,9,2419
54.5,102,122020,7860,9,2420
52.7,135,47194,7860,9,2421
50.9,37,65021,7860,9,2422
53.7,68,125610,7860,9,2423
57.3,37,67212,7860,9,2424
59.9,89,114507,7860,9,2425
38.4,69,58873,7860,9,2426
49.8,142,94806,7860,9,2427
49.2,151,78233,7860,9,2428
56.6,148,359,7860,9,2429
52.5,68,100971,7860,9,2430
54.5,68,129083,7860,9,2431
51.8,68,81469,7860,9,2432
48.8,37,89894,7860,9,2433
50.0,56,122077,7860,9,2434
51.7,46,119935,7860,9,2435
45.3,46,120648,7860,9,2436
51.5,56,6615,7860,9,2437
53.0,132,9692,7860,9,2438
49.8,132,89332,7860,9,2439
48.9,37,83275,7860,9,2440
32.3,70,123380,7860,9,2441
44.6,68,89254,7860,9,2442
46.0,56,53228,7860,9,2443
46.5,93,78185,7860,9,2444
47.5,118,32831,7860,9,2445
47.7,128,67947,7860,9,2446
51.4,132,70840,7860,9,2447
50.3,132,13224,7860,9,2448
45.7,78,99929,7860,9,2449
40.1,127,16186,7860,9,2450
43.9,10,71958,7860,9,2451
37.7,122,100354,7860,9,2452
47.2,117,67637,7860,9,2453
46.3,68,22486,7860,9,2454
41.9,132,112115,7860,9,2455
46.3,35,137557,7860,9,2456
49.8,82,130719,7860,9,2457
39.7,132,129539,7860,9,2458
21.7,47,702,7860,9,2459
45.7,111,89608,7860,9,2460
45.7,35,99941,7860,9,2461
43.5,93,75607,7860,9,2462
35.4,148,1556,7860,9,2463
33.2,122,30595,7860,9,2464
43.5,132,80361,7860,9,2465
34.7,122,54552,7860,9,2466
43.7,132,127812,7860,9,2467
31.6,127,60807,7860,9,2468
27.5,70,87868,7860,9,2469
43.8,132,2847,7860,9,2470
30.6,148,112437,7860,9,2471
37.4,82,57413,7860,9,2472
45.2,93,122654,7860,9,2473
35.4,79,11240,7860,9,2474
36.1,117,7124,7860,9,2475
40.5,93,46075,7860,9,2476
39.3,1,122908,7860,9,2477
40.9,116,132643,7860,9,2478
35.2,117,26922,7860,9,2479
41.0,60,17478,7860,9,2480
44.7,35,116105,7860,9,2481
41.9,75,61858,7860,9,2482
39.1,116,60875,7860,9,2483
35.0,117,94912,7860,9,2484
37.9,41,109611,7860,9,2485
41.1,123,30407,7860,9,2486
37.0,109,80101,7860,9,2487
36.9,117,16051,7860,9,2488
35.9,71,3888,7860,9,2489
41.8,28,109391,7860,9,2490
35.6,35,87943,7860,9,2491
38.9,116,135295,7860,9,2492
41.6,154,21003,7860,9,2493
38.4,124,11386,7860,9,2494
39.0,5,136771,7860,9,2495
34.9,116,57350,7860,9,2496
37.7,116,42673,7860,9,2497
35.3,116,95276,7860,9,2498
35.6,116,102149,7860,9,2499
35.9,116,42676,7860,9,2500
42.0,119,17374,7860,9,2501
26.8,60,118712,7860,9,2502
36.7,20,114807,7860,9,2503
24.7,22,92104,7860,9,2504
32.2,60,31277,7860,9,2505
35.2,116,118698,7860,9,2506
32.8,124,84745,7860,9,2507
18.9,140,9308,7860,9,2508
38.1,119,26615,7860,9,2509
32.7,157,48118,7860,9,2510
34.2,18,118963,7860,9,2511
24.6,29,112351,7860,9,2512
36.7,144,53452,7860,9,2513
30.7,20,128340,7860,9,2514
37.9,119,87376,7860,9,2515
37.2,53,120953,7860,9,2516
33.9,20,18078,7860,9,2517
29.1,18,100105,7860,9,2518
20.3,133,27204,7860,9,2519
28.1,42,46342,7860,9,2520
28.5,16,9359,7860,9,2521
24.1,140,92162,7860,9,2522
22.3,115,72229,7860,9,2523
31.1,130,55193,7860,9,2524
18.3,115,97696,7860,9,2525
30.0,20,93622,7860,9,2526
34.7,120,78955,7860,9,2527
35.4,144,4620,7860,9,2528
31.6,119,113331,7860,9,2529
27.6,95,25154,7860,9,2530
23.2,29,11217,7860,9,2531
23.6,16,109856,7860,9,2532
32.6,130,94724,7860,9,2533
22.3,29,112656,7860,9,2534
33.9,72,3063,7860,9,2535
18.1,115,22826,7860,9,2536
26.0,106,63923,7860,9,2537
27.9,18,16178,7860,9,2538
27.8,42,97863,7860,9,2539
29.9,130,20840,7860,9,2540
23.7,84,114372,7860,9,2541
26.8,130,95658,7860,9,2542
21.2,29,48007,7860,9,2543
25.8,124,83777,7860,9,2544
23.6,18,94916,7860,9,2545
25.5,18,40286,7860,9,2546
25.2,114,67196,7860,9,2547
30.2,72,6465,7860,9,2548
23.6,87,61403,7860,9,2549
20.8,29,46224,7860,9,2550
24.2,18,11650,7860,9,2551
24.5,144,4448,7860,9,2552
33.7,8,8544,7860,9,2553
29.1,53,10501,7860,9,2554
23.6,42,29578,7860,9,2555
24.4,18,29803,7860,9,2556
23.1,30,74642,7860,9,2557
24.6,97,21639,7860,9,2558
26.5,65,8140,7860,9,2559
25.3,97,97989,7860,9,2560
28.9,120,131134,7860,9,2561
21.9,18,118907,7860,9,2562
21.5,18,98926,7860,9,2563
24.9,130,34328,7860,9,2564
27.4,120,103089,7860,9,2565
27.7,55,471,7860,9,2566
21.4,30,19760,7860,9,2567
24.1,144,18272,7860,9,2568
19.2,29,135327,7860,9,2569
14.2,140,24729,7860,9,2570
26.7,97,73309,7860,9,2571
20.8,144,75386,7860,9,2572
22.5,30,14529,7860,9,2573
29.0,4,17655,7860,9,2574
17.2,29,81368,7860,9,2575
18.6,29,24372,7860,9,2576
15.9,63,54095,7860,9,2577
15.5,155,50016,7860,9,2578
15.7,2,2779,7860,9,2579
21.4,73,81122,7860,9,2580
21.4,97,120253,7860,9,2581
25.3,147,61959,7860,9,2582
15.8,155,48041,7860,9,2583
15.1,143,125499,7860,9,2584
20.3,97,958,7860,9,2585
24.1,120,136655,7860,9,2586
17.4,64,121105,7860,9,2587
24.9,120,84925,7860,9,2588
23.5,120,57547,7860,9,2589
30.0,120,60948,7860,9,2590
25.7,120,83747,7860,9,2591
20.8,76,13603,7860,9,2592
26.0,120,104790,7860,9,2593
23.0,120,101378,7860,9,2594
23.8,120,56220,7860,9,2595
23.3,120,126360,7860,9,2596
21.3,152,120680,7860,9,2597
25.2,12,76554,7860,9,2598
22.1,147,86342,7860,9,2599
20.2,113,6506,7860,9,2600
13.7,143,115559,7860,9,2601
21.5,121,58569,7860,9,2602
18.5,139,30801,7860,9,2603
15.7,11,31935,7860,9,2604
21.5,147,58246,7860,9,2605
23.3,147,32649,7860,9,2606
19.9,147,70062,7860,9,2607
17.2,101,57315,7860,9,2608
24.8,120,91474,7860,9,2609
21.8,62,46791,7860,9,2610
17.7,62,83911,7860,9,2611
22.5,62,96636,7860,9,2612
20.8,62,79809,7860,9,2613
14.4,64,53287,7860,9,2614
19.4,62,31481,7860,9,2615
16.6,62,51700,7860,9,2616
16.5,62,1282,7860,9,2617
18.7,120,24344,7860,9,2618
14.6,62,127500,7860,9,2619
12.1,62,24405,7860,9,2620
14.3,62,118220,7860,9,2621
12.4,62,12887,7860,9,2622
12.9,62,54085,7860,9,2623
14.1,62,59846,7860,9,2624
16.0,43,19519,7860,9,2625
11.3,62,26921,7860,9,2626
14.2,110,53345,7860,9,2627
15.0,110,64007,7860,9,2628
13.1,110,56877,7860,9,2629
15.9,43,2670,7860,9,2630
2.0,136,10222,7860,10,2631
3.0,136,65447,7860,10,2632
4.0,136,139004,7860,10,2633
5.0,136,66502,7860,10,2634
6.0,136,12347,7860,10,2635
7.0,150,82852,7860,10,2636
8.0,150,85809,7860,10,2637
9.0,150,105686,7860,10,2638
10.0,150,50504,7860,10,2639
11.0,150,15502,7860,10,2640
13.0,108,124883,7860,10,2641
14.0,61,99539,7860,10,2642
15.0,6,20487,7860,10,2643
16.0,150,111153,7860,10,2644
17.0,150,68922,7860,10,2645
18.0,150,132689,7860,10,2646
19.0,150,105492,7860,10,2647
20.0,150,102738,7860,10,2648
21.0,150,24767,7860,10,2649
22.0,108,12220,7860,10,2650
23.0,150,120125,7860,10,2651
24.0,150,6675,7860,10,2652
25.0,150,94895,7860,10,2653
26.0,108,116758,7860,10,2654
28.0,149,68521,7860,10,2655
29.0,6,718,7860,10,2656
30.0,150,31655,7860,10,2657
31.0,150,98298,7860,10,2658
32.0,108,87967,7860,10,2659
33.0,40,28034,7860,10,2660
34.0,150,92075,7860,10,2661
35.0,150,24069,7860,10,2662
36.0,6,118610,7860,10,2663
37.0,150,82788,7860,10,2664
38.0,150,87079,7860,10,2665
39.0,150,40221,7860,10,2666
40.0,150,52785,7860,10,2667
41.0,150,81643,7860,10,2668
42.0,150,125296,7860,10,2669
43.0,50,90132,7860,10,2670
44.0,150,75733,7860,10,2671
45.0,150,30492,7860,10,2672
46.0,40,139322,7860,10,2673
47.0,24,129363,7860,10,2674
48.0,49,37905,7860,10,2675
49.0,150,93175,7860,10,2676
50.0,150,76527,7860,10,2677
52.0,6,91554,7860,10,2678
53.0,150,86671,7860,10,2679
54.0,150,38163,7860,10,2680
55.0,102,47401,7860,10,2681
56.0,24,128215,7860,10,2682
57.0,150,31833,7860,10,2683
58.0,66,33934,7860,10,2684
60.0,150,27462,7860,10,2685
61.0,24,56473,7860,10,2686
62.0,150,116111,7860,10,2687
63.0,7,104737,7860,10,2688
64.0,150,7049,7860,10,2689
65.0,150,87627,7860,10,2690
66.0,24,19752,7860,10,2691
67.0,103,133239,7860,10,2692
68.0,67,121171,7860,10,2693
69.0,150,40278,7860,10,2694
70.0,24,88237,7860,10,2695
71.0,50,15158,7860,10,2696
72.0,149,88608,7860,10,2697
73.0,150,65232,7860,10,2698
74.0,54,47820,7860,10,2699
75.0,66,28221,7860,10,2700
76.0,150,50855,7860,10,2701
77.0,150,69208,7860,10,2702
78.0,103,6887,7860,10,2703
79.0,150,92114,7860,10,2704
80.0,150,53994,7860,10,2705
81.0,24,123848,7860,10,2706
82.0,6,16696,7860,10,2707
83.0,150,104647,7860,10,2708
84.0,149,35369,7860,10,2709
85.0,54,134224,7860,10,2710
86.0,102,3972,7860,10,2711
87.0,50,83225,7860,10,2712
88.0,50,70150,7860,10,2713
89.0,150,56727,7860,10,2714
90.0,68,76144,7860,10,2715
91.0,49,49074,7860,10,2716
92.0,150,103051,7860,10,2717
93.0,150,99352,7860,10,2718
94.0,6,74897,7860,10,2719
95.0,131,111756,7860,10,2720
96.0,24,47714,7860,10,2721
97.0,54,33389,7860,10,2722
98.0,149,20055,7860,10,2723
99.0,149,16620,7860,10,2724
100.0,54,30871,7860,10,2725
102.0,24,97907,7860,10,2726
103.0,54,37938,7860,10,2727
104.0,50,124203,7860,10,2728
105.0,150,105080,7860,10,2729
106.0,24,110124,7860,10,2730
107.0,150,134142,7860,10,2731
108.0,7,67546,7860,10,2732
109.0,54,48915,7860,10,2733
111.0,54,79867,7860,10,2734
112.0,149,72028,7860,10,2735
113.0,54,37577,7860,10,2736
114.0,7,129450,7860,10,2737
115.0,150,14610,7860,10,2738
116.0,54,12326,7860,10,2739
117.0,54,34676,7860,10,2740
118.0,150,2380,7860,10,2741
119.0,102,70496,7860,10,2742
120.0,54,72296,7860,10,2743
121.0,149,43697,7860,10,2744
122.0,68,14789,7860,10,2745
123.0,54,48038,7860,10,2746
124.0,54,57080,7860,10,2747
125.0,54,40614,7860,10,2748
126.0,67,47589,7860,10,2749
127.0,7,45207,7860,10,2750
130.0,149,67856,7860,10,2751
131.0,24,134682,7860,10,2752
132.0,54,15004,7860,10,2753
133.0,135,117090,7860,10,2754
134.0,24,57748,7860,10,2755
135.0,68,39746,7860,10,2756
136.0,103,25410,7860,10,2757
137.0,149,84590,7860,10,2758
138.0,49,125618,7860,10,2759
139.0,24,78445,7860,10,2760
140.0,67,54688,7860,10,2761
141.0,24,76812,7860,10,2762
142.0,102,127350,7860,10,2763
144.0,54,117551,7860,10,2764
145.0,149,196,7860,10,2765
146.0,24,35389,7860,10,2766
147.0,54,6925,7860,10,2767
148.0,102,35599,7860,10,2768
150.0,149,16718,7860,10,2769
151.0,54,16365,7860,10,2770
152.0,149,82904,7860,10,2771
153.0,83,70008,7860,10,2772
154.0,148,33918,7860,10,2773
155.0,149,21148,7860,10,2774
156.0,54,33734,7860,10,2775
157.0,66,41909,7860,10,2776
158.0,135,71745,7860,10,2777
159.0,149,11362,7860,10,2778
160.0,54,37,7860,10,2779
161.0,149,28804,7860,10,2780
162.0,149,112553,7860,10,2781
163.0,54,66122,7860,10,2782
164.0,150,59543,7860,10,2783
165.0,68,42947,7860,10,2784
166.0,102,101459,7860,10,2785
167.0,135,126978,7860,10,2786
168.0,49,120134,7860,10,2787
169.0,149,65991,7860,10,2788
170.0,24,68522,7860,10,2789
171.0,68,88909,7860,10,2790
172.0,102,45697,7860,10,2791
173.0,150,25923,7860,10,2792
174.0,149,13529,7860,10,2793
175.0,54,62119,7860,10,2794
176.0,29,118413,7860,10,2795
177.0,102,122020,7860,10,2796
178.0,135,47194,7860,10,2797
179.0,37,65021,7860,10,2798
180.0,68,125610,7860,10,2799
181.0,37,67212,7860,10,2800
182.0,89,114507,7860,10,2801
183.0,69,58873,7860,10,2802
185.0,142,94806,7860,10,2803
186.0,151,78233,7860,10,2804
187.0,148,359,7860,10,2805
188.0,68,100971,7860,10,2806
189.0,68,129083,7860,10,2807
191.0,68,81469,7860,10,2808
192.0,37,89894,7860,10,2809
193.0,56,122077,7860,10,2810
194.0,46,119935,7860,10,2811
195.0,46,120648,7860,10,2812
196.0,56,6615,7860,10,2813
197.0,132,9692,7860,10,2814
198.0,132,89332,7860,10,2815
199.0,37,83275,7860,10,2816
200.0,70,123380,7860,10,2817
201.0,68,89254,7860,10,2818
202.0,56,53228,7860,10,2819
203.0,93,78185,7860,10,2820
205.0,118,32831,7860,10,2821
206.0,128,67947,7860,10,2822
207.0,132,70840,7860,10,2823
208.0,132,13224,7860,10,2824
209.0,78,99929,7860,10,2825
210.0,127,16186,7860,10,2826
211.0,10,71958,7860,10,2827
212.0,122,100354,7860,10,2828
213.0,117,67637,7860,10,2829
215.0,68,22486,7860,10,2830
216.0,132,112115,7860,10,2831
217.0,35,137557,7860,10,2832
218.0,82,130719,7860,10,2833
219.0,132,129539,7860,10,2834
220.0,47,702,7860,10,2835
222.0,111,89608,7860,10,2836
223.0,35,99941,7860,10,2837
225.0,93,75607,7860,10,2838
226.0,148,1556,7860,10,2839
227.0,122,30595,7860,10,2840
228.0,132,80361,7860,10,2841
230.0,122,54552,7860,10,2842
231.0,132,127812,7860,10,2843
232.0,127,60807,7860,10,2844
234.0,70,87868,7860,10,2845
235.0,132,2847,7860,10,2846
236.0,148,112437,7860,10,2847
237.0,82,57413,7860,10,2848
238.0,93,122654,7860,10,2849
239.0,79,11240,7860,10,2850
240.0,117,7124,7860,10,2851
242.0,93,46075,7860,10,2852
243.0,1,122908,7860,10,2853
244.0,116,132643,7860,10,2854
245.0,117,26922,7860,10,2855
247.0,60,17478,7860,10,2856
248.0,35,116105,7860,10,2857
249.0,75,61858,7860,10,2858
250.0,116,60875,7860,10,2859
251.0,117,94912,7860,10,2860
252.0,41,109611,7860,10,2861
253.0,123,30407,7860,10,2862
255.0,109,80101,7860,10,2863
256.0,117,16051,7860,10,2864
257.0,71,3888,7860,10,2865
258.0,28,109391,7860,10,2866
259.0,35,87943,7860,10,2867
261.0,116,135295,7860,10,2868
263.0,154,21003,7860,10,2869
264.0,124,11386,7860,10,2870
265.0,5,136771,7860,10,2871
266.0,116,57350,7860,10,2872
267.0,116,42673,7860,10,2873
268.0,116,95276,7860,10,2874
269.0,116,102149,7860,10,2875
270.0,116,42676,7860,10,2876
271.0,119,17374,7860,10,2877
273.0,60,118712,7860,10,2878
274.0,20,114807,7860,10,2879
275.0,22,92104,7860,10,2880
277.0,60,31277,7860,10,2881
278.0,116,118698,7860,10,2882
279.0,124,84745,7860,10,2883
280.0,140,9308,7860,10,2884
281.0,119,26615,7860,10,2885
283.0,157,48118,7860,10,2886
284.0,18,118963,7860,10,2887
285.0,29,112351,7860,10,2888
288.0,144,53452,7860,10,2889
289.0,20,128340,7860,10,2890
290.0,119,87376,7860,10,2891
291.0,53,120953,7860,10,2892
292.0,20,18078,7860,10,2893
293.0,18,100105,7860,10,2894
294.0,133,27204,7860,10,2895
296.0,42,46342,7860,10,2896
297.0,16,9359,7860,10,2897
298.0,140,92162,7860,10,2898
299.0,115,72229,7860,10,2899
300.0,130,55193,7860,10,2900
301.0,115,97696,7860,10,2901
302.0,20,93622,7860,10,2902
303.0,120,78955,7860,10,2903
304.0,144,4620,7860,10,2904
305.0,119,113331,7860,10,2905
306.0,95,25154,7860,10,2906
307.0,29,11217,7860,10,2907
308.0,16,109856,7860,10,2908
309.0,130,94724,7860,10,2909
311.0,29,112656,7860,10,2910
312.0,72,3063,7860,10,2911
313.0,115,22826,7860,10,2912
314.0,106,63923,7860,10,2913
315.0,18,16178,7860,10,2914
316.0,42,97863,7860,10,2915
317.0,130,20840,7860,10,2916
318.0,84,114372,7860,10,2917
319.0,130,95658,7860,10,2918
320.0,29,48007,7860,10,2919
322.0,124,83777,7860,10,2920
324.0,18,94916,7860,10,2921
325.0,18,40286,7860,10,2922
326.0,114,67196,7860,10,2923
327.0,72,6465,7860,10,2924
329.0,87,61403,7860,10,2925
331.0,29,46224,7860,10,2926
332.0,18,11650,7860,10,2927
333.0,144,4448,7860,10,2928
334.0,8,8544,7860,10,2929
335.0,53,10501,7860,10,2930
336.0,42,29578,7860,10,2931
337.0,18,29803,7860,10,2932
338.0,30,74642,7860,10,2933
339.0,97,21639,7860,10,2934
340.0,65,8140,7860,10,2935
341.0,97,97989,7860,10,2936
342.0,120,131134,7860,10,2937
343.0,18,118907,7860,10,2938
344.0,18,98926,7860,10,2939
345.0,130,34328,7860,10,2940
346.0,120,103089,7860,10,2941
347.0,55,471,7860,10,2942
348.0,30,19760,7860,10,2943
349.0,144,18272,7860,10,2944
350.0,29,135327,7860,10,2945
351.0,140,24729,7860,10,2946
353.0,97,73309,7860,10,2947
355.0,144,75386,7860,10,2948
356.0,30,14529,7860,10,2949
357.0,4,17655,7860,10,2950
358.0,29,81368,7860,10,2951
359.0,29,24372,7860,10,2952
360.0,63,54095,7860,10,2953
361.0,155,50016,7860,10,2954
362.0,2,2779,7860,10,2955
363.0,73,81122,7860,10,2956
364.0,97,120253,7860,10,2957
365.0,147,61959,7860,10,2958
366.0,155,48041,7860,10,2959
367.0,143,125499,7860,10,2960
368.0,97,958,7860,10,2961
369.0,120,136655,7860,10,2962
370.0,64,121105,7860,10,2963
371.0,120,84925,7860,10,2964
372.0,120,57547,7860,10,2965
373.0,120,60948,7860,10,2966
374.0,120,83747,7860,10,2967
375.0,76,13603,7860,10,2968
376.0,120,104790,7860,10,2969
377.0,120,101378,7860,10,2970
378.0,120,56220,7860,10,2971
379.0,120,126360,7860,10,2972
380.0,152,120680,7860,10,2973
381.0,12,76554,7860,10,2974
382.0,147,86342,7860,10,2975
383.0,113,6506,7860,10,2976
384.0,143,115559,7860,10,2977
385.0,121,58569,7860,10,2978
386.0,139,30801,7860,10,2979
387.0,11,31935,7860,10,2980
388.0,147,58246,7860,10,2981
389.0,147,32649,7860,10,2982
390.0,147,70062,7860,10,2983
391.0,101,57315,7860,10,2984
393.0,120,91474,7860,10,2985
394.0,62,46791,7860,10,2986
395.0,62,83911,7860,10,2987
396.0,62,96636,7860,10,2988
397.0,62,79809,7860,10,2989
398.0,64,53287,7860,10,2990
399.0,62,31481,7860,10,2991
400.0,62,51700,7860,10,2992
401.0,62,1282,7860,10,2993
402.0,120,24344,7860,10,2994
404.0,62,127500,7860,10,2995
405.0,62,24405,7860,10,2996
406.0,62,118220,7860,10,2997
407.0,62,12887,7860,10,2998
409.0,62,54085,7860,10,2999
410.0,62,59846,7860,10,3000
411.0,43,19519,7860,10,3001
412.0,62,26921,7860,10,3002
414.0,110,53345,7860,10,3003
416.0,110,64007,7860,10,3004
417.0,110,56877,7860,10,3005
418.0,43,2670,7860,10,3006